,time,strain,stress,true_strain,true_stress,ML,start file num,제일 처음값,,ml더한값,true_stress
0,0,0,-0.003105556,0,-0.003105556,0.00387647,110,51.3987,,51.40257647,-0.003105556
1,0.1,0.000442,0.770945556,0.000441902,0.771286313,-0.038764698,110,,,51.3599353,0.771286313
2,0.2,0.0009885,1.709607778,0.000988012,1.711297725,-0.076797174,110,,,51.32190283,1.711297725
3,0.3,0.0014945,2.407372222,0.001493384,2.41097004,-0.03949692,110,,,51.35920308,2.41097004
4,0.4,0.0019955,3.061658889,0.001993512,3.067768429,0.002067451,110,,,51.40076745,3.067768429
5,0.5,0.002499,3.651071667,0.002495883,3.660195695,-0.007106861,110,,,51.39159314,3.660195695
6,0.6,0.0029975,4.264928333,0.002993016,4.277712456,-0.071327045,110,,,51.32737296,4.277712456
7,0.7,0.003498,5.261426667,0.003491896,5.279831137,-0.057845544,110,,,51.34085446,5.279831137
8,0.8,0.003999,6.857328889,0.003991025,6.884751347,-0.061377439,110,,,51.33732256,6.884751347
9,0.9,0.0044945,8.141183333,0.00448443,8.177773882,-0.084162467,110,,,51.31453753,8.177773882
10,1,0.0049955,9.483089444,0.004983064,9.530462218,-0.041349012,110,,,51.35735099,9.530462218
11,1.1,0.005499,10.88058056,0.005483936,10.94041287,-0.045268553,110,,,51.35343145,10.94041287
12,1.2,0.0059975,12.31198889,0.005979587,12.38583004,-0.049274239,110,,,51.34942576,12.38583004
13,1.3,0.006501,13.85342,0.00647996,13.94348108,-0.050480252,110,,,51.34821975,13.94348108
14,1.4,0.0069965,15.47362167,0.006972138,15.58188286,-0.038721626,110,,,51.35997837,15.58188286
15,1.5,0.0074945,17.32163278,0.007466556,17.45144975,-0.060860576,110,,,51.33783942,17.45144975
16,1.6,0.007998,19.39090889,0.007966186,19.54599738,-0.096524099,110,,,51.3021759,19.54599738
17,1.7,0.008499,21.8445,0.008463087,22.03015641,-0.085626911,110,,,51.31307309,22.03015641
18,1.8,0.009,24.69870444,0.008959741,24.92099278,-0.092776845,110,,,51.30592316,24.92099278
19,1.9,0.009498,27.78761722,0.009453178,28.05154401,-0.113063703,110,,,51.2856363,28.05154401
20,2,0.0099935,30.979235,0.009943895,31.28882598,-0.15156997,110,,,51.24713003,31.28882598
21,2.1,0.0105,34.32307389,0.010445258,34.68346616,-0.1905931,110,,,51.2081069,34.68346616
22,2.2,0.011001,37.80812333,0.010940929,38.2240505,-0.22573976,110,,,51.17296024,38.2240505
23,2.3,0.011502,41.575075,0.011436355,42.05327151,-0.260240341,110,,,51.13845966,42.05327151
24,2.4,0.012,45.50877667,0.011928571,46.05488199,-0.218848258,110,,,51.17985174,46.05488199
25,2.5,0.0124955,49.52501833,0.012418076,50.1438582,-0.231511393,110,,,51.16718861,50.1438582
26,2.6,0.012999,53.64286389,0.012915238,54.34016748,-0.277512168,110,,,51.12118783,54.34016748
27,2.7,0.0135,57.87444444,0.013409687,58.65574944,-0.272817332,110,,,51.12588267,58.65574944
28,2.8,0.013998,62.11944444,0.013900933,62.98899243,-0.242279364,110,,,51.15642064,62.98899243
29,2.896,0.0144805,66.33777778,0.014376659,67.29838197,-0.271998966,110,,,51.12670103,67.29838197
30,2.994,0.0149705,70.58833333,0.014859548,71.64507598,-0.221992505,110,,,51.17670749,71.64507598
31,3.09,0.0154475,74.77611111,0.015329402,75.93121509,-0.237799888,110,,,51.16090011,75.93121509
32,3.184,0.0159185,79.00166667,0.015793129,80.2592547,-0.222337081,110,,,51.17636292,80.2592547
33,3.278,0.0163875,83.25388889,0.016254674,84.61821199,-0.254468708,110,,,51.14423129,84.61821199
34,3.372,0.016856,87.49166667,0.016715514,88.9664262,-0.231769824,110,,,51.16693018,88.9664262
35,3.466,0.0173275,91.73222222,0.017179091,93.3217123,-0.224318387,110,,,51.17438161,93.3217123
36,3.558,0.0177855,95.91833333,0.017629189,97.62428885,-0.276133867,110,,,51.12256613,97.62428885
37,3.65,0.0182465,100.1255556,0.01808203,101.9524965,-0.262480079,110,,,51.13621992,101.9524965
38,3.74,0.018699,104.3211111,0.018526323,106.2718116,-0.177456174,110,,,51.22124383,106.2718116
39,3.83,0.019149,108.4894444,0.018967965,110.5669088,-0.216780807,110,,,51.18191919,110.5669088
40,3.92,0.019602,112.7177778,0.019412355,114.9272717,-0.19266055,110,,,51.20603945,114.9272717
41,4.008,0.020041,116.8938889,0.019842823,119.2365593,-0.166085196,110,,,51.2326148,119.2365593
42,4.096,0.0204725,121.0777778,0.020265755,123.5565426,-0.189387087,110,,,51.20931291,123.5565426
43,4.184,0.0209145,125.3222222,0.020698794,127.9432738,-0.196967739,110,,,51.20173226,127.9432738
44,4.27,0.021348,129.5316667,0.021123323,132.2969087,-0.161691864,110,,,51.23700814,132.2969087
45,4.358,0.0217875,133.7866667,0.021553545,136.7015437,-0.163371667,110,,,51.23532833,136.7015437
46,4.444,0.0222185,137.9783333,0.021975265,141.0440049,-0.221001852,110,,,51.17769815,141.0440049
47,4.53,0.0226525,142.1988889,0.022399742,145.4200492,-0.152172977,110,,,51.24652702,145.4200492
48,4.616,0.023076,146.4194444,0.022813776,149.7982195,-0.164706896,110,,,51.2339931,149.7982195
49,4.702,0.023502,150.6783333,0.02323008,154.2195755,-0.093250635,110,,,51.30544936,154.2195755
50,4.786,0.0239275,154.8955556,0.023645723,158.601819,-0.14997631,110,,,51.24872369,158.601819
51,4.87,0.024348,159.1094444,0.024056313,162.9834412,-0.186931989,110,,,51.21176801,162.9834412
52,4.954,0.0247685,163.305,0.024466733,167.3498199,-0.124951544,110,,,51.27374846,167.3498199
53,5.038,0.025192,167.4861111,0.024879912,171.7054212,-0.139337554,110,,,51.25936245,171.7054212
54,5.122,0.025607,171.6722222,0.025284632,176.0682328,-0.093207563,110,,,51.30549244,176.0682328
55,5.208,0.026033,175.9188889,0.02569991,180.4985853,-0.089546453,110,,,51.30915355,180.4985853
56,5.292,0.026456,180.1555556,0.026112092,184.9217509,-0.166085196,110,,,51.2326148,184.9217509
57,5.376,0.026877,184.3938889,0.026522157,189.3498434,-0.154714218,110,,,51.24398578,189.3498434
58,5.462,0.027308,188.6288889,0.026941789,193.7799666,-0.192746694,110,,,51.20595331,193.7799666
59,5.548,0.027742,192.8383333,0.027364163,198.1880544,-0.137399319,110,,,51.26130068,198.1880544
60,5.634,0.028165,197.0394444,0.02777566,202.5890604,-0.18762114,110,,,51.21107886,202.5890604
61,5.722,0.028602,201.2755556,0.028200599,207.032439,-0.17620709,110,,,51.22249291,207.032439
62,5.808,0.0290355,205.4855556,0.028621956,211.4519314,-0.170478529,110,,,51.22822147,211.4519314
63,5.894,0.029467,209.6611111,0.029041193,215.8391951,-0.193737348,110,,,51.20496265,215.8391951
64,5.982,0.029906,213.9105556,0.029467536,220.3077646,-0.143386312,110,,,51.25531369,220.3077646
65,6.07,0.030351,218.1038889,0.029899521,224.72356,-0.178102253,110,,,51.22059775,224.72356
66,6.16,0.030801,222.3488889,0.03033617,229.197457,-0.168755653,110,,,51.22994435,229.197457
67,6.25,0.0312455,226.5911111,0.030767295,233.6710637,-0.15772925,110,,,51.24097075,233.6710637
68,6.34,0.031693,230.85,0.031201142,238.1663291,-0.155747943,110,,,51.24295206,238.1663291
69,6.428,0.032135,235.0344444,0.031629472,242.5872763,-0.149631735,110,,,51.24906826,242.5872763
70,6.518,0.032585,239.2516667,0.032065367,247.0476822,-0.201619503,110,,,51.1970805,247.0476822
71,6.608,0.03304,243.5005556,0.032505912,251.5458139,-0.137743895,110,,,51.26095611,251.5458139
72,6.698,0.03349,247.69,0.032941424,255.9851381,-0.158461472,110,,,51.24023853,255.9851381
73,6.79,0.0339455,251.9205556,0.033382067,260.4721248,-0.173838136,110,,,51.22486186,260.4721248
74,6.882,0.034409,256.1522222,0.033830249,264.966164,-0.154369643,110,,,51.24433036,264.966164
75,6.974,0.0348725,260.3805556,0.034278231,269.4606765,-0.241547142,110,,,51.15715286,269.4606765
76,7.066,0.0353275,264.5583333,0.034717802,273.9045179,-0.217254598,110,,,51.1814454,273.9045179
77,7.158,0.0357885,268.7755556,0.035162972,278.3946295,-0.175948658,110,,,51.22275134,278.3946295
78,7.252,0.036257,272.9655556,0.035615183,282.8624677,-0.214842572,110,,,51.18385743,282.8624677
79,7.348,0.036734,277.2044444,0.036075387,287.3872725,-0.176164018,110,,,51.22253598,287.3872725
80,7.442,0.037208,281.3733333,0.036532488,291.8426723,-0.193349701,110,,,51.2053503,291.8426723
81,7.538,0.03769,285.6177778,0.036997089,296.3827118,-0.194426498,110,,,51.2042735,296.3827118
82,7.634,0.038167,289.8505556,0.037456658,300.9132817,-0.266313477,110,,,51.13238652,300.9132817
83,7.728,0.0386385,294.0322222,0.037910721,305.3931862,-0.225696688,110,,,51.17300331,305.3931862
84,7.826,0.039123,298.2683333,0.038377088,309.9374853,-0.228281001,110,,,51.170419,309.9374853
85,7.922,0.0396055,302.4494444,0.038841314,314.4281059,-0.192531335,110,,,51.20616867,314.4281059
86,8.018,0.04009,306.6594444,0.039307248,318.9534216,-0.19903519,110,,,51.19966481,318.9534216
87,8.116,0.0405805,310.8511111,0.039778731,323.4656046,-0.201447215,110,,,51.19725278,323.4656046
88,8.216,0.041081,315.1033333,0.040259596,328.0480934,-0.210707671,110,,,51.18799233,328.0480934
89,8.316,0.0415795,319.3233333,0.040738311,332.6006379,-0.176723952,110,,,51.22197605,332.6006379
90,8.416,0.0420775,323.4566667,0.041216317,337.0669146,-0.262910798,110,,,51.1357892,337.0669146
91,8.516,0.042581,327.6177778,0.04169937,341.5680704,-0.239953482,110,,,51.15874652,341.5680704
92,8.616,0.0430795,331.7272222,0.042177396,346.0178651,-0.175044149,110,,,51.22365585,346.0178651
93,8.716,0.0435775,335.8,0.042654714,350.4333245,-0.197312314,110,,,51.20138769,350.4333245
94,8.816,0.044081,339.8894444,0.043137073,354.872111,-0.194297282,110,,,51.20440272,354.872111
95,8.916,0.0445795,343.8977778,0.043614412,359.2285688,-0.11185769,110,,,51.28684231,359.2285688
96,9.016,0.0450775,347.8805556,0.044091045,363.5621413,-0.141189646,110,,,51.25751035,363.5621413
97,9.116,0.045581,351.8744444,0.044572712,367.9132335,-0.140457423,110,,,51.25824258,367.9132335
98,9.216,0.0460795,355.7788889,0.045049367,372.1730022,-0.150062454,110,,,51.24863755,372.1730022
99,9.316,0.046583,359.6944444,0.045530572,376.4500908,-0.108368868,110,,,51.29033113,376.4500908
100,9.416,0.047081,363.5555556,0.046006293,380.6721147,-0.142481802,110,,,51.2562182,380.6721147
101,9.516,0.047577,367.36,0.046479878,384.8378867,-0.127277426,110,,,51.27142257,384.8378867
102,9.616,0.0480775,371.2477778,0.046957534,389.0964428,-0.112460697,110,,,51.2862393,389.0964428
103,9.716,0.0485785,374.9755556,0.047435437,393.1913056,-0.099409915,110,,,51.29929008,393.1913056
104,9.816,0.049077,378.7238889,0.04791073,397.3105212,-0.101520438,110,,,51.29717956,397.3105212
105,9.916,0.0495775,382.4466667,0.048387702,401.4074163,-0.115820304,110,,,51.2828797,401.4074163
106,10.016,0.0500705,386.0338889,0.048857305,405.3627987,-0.122927165,110,,,51.27577283,405.3627987
107,10.116,0.050574,389.7144444,0.049336681,409.4238628,-0.107636646,110,,,51.29106335,409.4238628
108,10.216,0.0510775,393.2922222,0.049815828,413.3806057,-0.06094672,110,,,51.33775328,413.3806057
109,10.316,0.051576,396.8072222,0.050289991,417.2729515,-0.037472542,110,,,51.36122746,417.2729515
110,10.416,0.052077,400.3255556,0.050766306,421.1733095,-0.073437567,110,,,51.32526243,421.1733095
111,10.516,0.0525725,403.7366667,0.051237168,424.9621126,-0.098634621,110,,,51.30006538,424.9621126
112,10.616,0.0530705,407.1294444,0.051710182,428.7360076,-0.111513115,110,,,51.28718688,428.7360076
113,10.716,0.053577,410.5627778,0.052191041,432.5594997,-0.085756127,110,,,51.31294387,432.5594997
114,10.816,0.054075,413.8666667,0.052663605,436.2465067,-0.150837748,110,,,51.24786225,436.2465067
115,10.916,0.054581,417.1738889,0.053143532,439.9436569,-0.106861352,110,,,51.29183865,439.9436569
116,11.016,0.0550765,420.34,0.053613276,443.490856,-0.134168928,110,,,51.26453107,443.490856
117,11.116,0.0555775,423.5044444,0.054088011,447.0417627,-0.084980833,110,,,51.31371917,447.0417627
118,11.216,0.056081,426.6783333,0.054564887,450.6068809,-0.053236852,110,,,51.34546315,450.6068809
119,11.316,0.0565795,429.7388889,0.055036804,454.0533004,-0.102123444,110,,,51.29657656,454.0533004
120,11.416,0.057083,432.755,0.055513228,457.4579537,-0.092432269,110,,,51.30626773,457.4579537
121,11.516,0.0575785,435.6838889,0.055981861,460.7699137,-0.073997502,110,,,51.3247025,460.7699137
122,11.616,0.058074,438.5733333,0.056450274,464.0430411,-0.101434294,110,,,51.29726571,464.0430411
123,11.716,0.0585775,441.4455556,0.056926026,467.3043326,-0.138519189,110,,,51.26018081,467.3043326
124,11.816,0.0590785,444.2927778,0.05739919,470.5409286,-0.102295732,110,,,51.29640427,470.5409286
125,11.916,0.0595765,447.0133333,0.0578693,473.6448232,-0.097213249,110,,,51.30148675,473.6448232
126,12.016,0.0600805,449.7594444,0.058344849,476.7812167,-0.076969462,110,,,51.32173054,476.7812167
127,12.116,0.060576,452.3705556,0.058812157,479.7733543,-0.12279795,110,,,51.27590205,479.7733543
128,12.216,0.061074,454.9538889,0.059281603,482.7397427,-0.127880432,110,,,51.27081957,482.7397427
129,12.316,0.0615775,457.5538889,0.059756009,485.7289135,-0.167291209,110,,,51.23140879,485.7289135
130,12.416,0.0620785,459.9894444,0.060227837,488.5448992,-0.103372529,110,,,51.29532747,488.5448992
131,12.516,0.062582,462.485,0.060701795,491.4282363,-0.089632597,110,,,51.3090674,491.4282363
132,12.616,0.0630805,464.8561111,0.061170826,494.179467,-0.06391868,110,,,51.33478132,494.179467
133,12.716,0.063576,467.1644444,0.061636815,496.8648912,-0.129344877,110,,,51.26935512,496.8648912
134,12.816,0.0640795,469.4816667,0.062110106,499.5658171,-0.107938149,110,,,51.29076185,499.5658171
135,12.916,0.0645805,471.7438889,0.062580825,502.2093451,-0.085799199,110,,,51.3129008,502.2093451
136,13.016,0.065081,473.9061111,0.063050853,504.7483947,-0.084550114,110,,,51.31414989,504.7483947
137,13.116,0.0655795,476.0366667,0.063518783,507.2549132,-0.07167162,110,,,51.32702838,507.2549132
138,13.216,0.066075,478.0472222,0.06398368,509.6341924,-0.082568807,110,,,51.31613119,509.6341924
139,13.316,0.0665785,480.0905556,0.064455861,512.0542646,-0.084076323,110,,,51.31462368,512.0542646
140,13.416,0.0670795,482.0644444,0.064925478,514.4010863,-0.113795925,110,,,51.28490407,514.4010863
141,13.516,0.0675805,483.925,0.065394873,516.6288935,-0.124736185,110,,,51.27396382,516.6288935
142,13.616,0.068081,485.7422222,0.06586358,518.8120385,-0.078003187,110,,,51.32069681,518.8120385
143,13.716,0.0685795,487.485,0.066330196,520.9164776,-0.087694362,110,,,51.31100564,520.9164776
144,13.816,0.0690805,489.2155556,0.066798933,523.0108107,-0.047120644,110,,,51.35157936,523.0108107
145,13.916,0.069581,490.9033333,0.067266983,525.0608782,-0.063186458,110,,,51.33551354,525.0608782
146,14.016,0.0700795,492.4983333,0.067732945,527.0123703,-0.078864625,110,,,51.31983537,527.0123703
147,14.116,0.0705805,494.0361111,0.068201025,528.9054269,-0.071068614,110,,,51.32763139,528.9054269
148,14.216,0.0710785,495.5377778,0.068666085,530.7598597,-0.08605763,110,,,51.31264237,530.7598597
149,14.316,0.0715765,496.9777778,0.069130929,532.5497077,-0.088512728,110,,,51.31018727,532.5497077
150,14.416,0.0720805,498.4433333,0.069601153,534.371378,-0.036869535,110,,,51.36183046,534.371378
151,14.516,0.072581,499.8111111,0.070067893,536.0879014,-0.011844769,110,,,51.38685523,536.0879014
152,14.616,0.0730765,501.0738889,0.070529757,537.6906149,0.003316535,110,,,51.40201654,537.6906149
153,14.716,0.073583,502.4538889,0.071001653,539.4259534,-0.020803721,110,,,51.37789628,539.4259534
154,14.816,0.074076,503.6916667,0.071460757,541.0031306,-0.048068226,110,,,51.35063177,541.0031306
155,14.916,0.0745765,504.9072222,0.07192663,542.5614357,-0.054701296,110,,,51.3439987,542.5614357
156,15.016,0.0750775,506.0383333,0.072392752,544.0304263,-0.056424172,110,,,51.34227583,544.0304263
157,15.116,0.075576,507.1766667,0.072856332,545.5070504,-0.035448163,110,,,51.36325184,545.5070504
158,15.216,0.076082,508.3372222,0.073326667,547.0125348,-0.020157643,110,,,51.37854236,547.0125348
159,15.316,0.0765775,509.3911111,0.073787028,548.3990089,-0.040832149,110,,,51.35786785,548.3990089
160,15.416,0.077076,510.4111111,0.074249962,549.7515579,-0.067450575,110,,,51.33124942,549.7515579
161,15.516,0.0775765,511.4722222,0.074714538,551.1504471,-0.009045096,110,,,51.3896549,551.1504471
162,15.616,0.0780775,512.4577778,0.075179362,552.4691999,-0.015764311,110,,,51.38293569,552.4691999
163,15.716,0.078576,513.4411111,0.075641653,553.7852599,0.040918293,110,,,51.43961829,553.7852599
164,15.816,0.0790765,514.395,0.076105583,555.0715562,0.001249085,110,,,51.39994908,555.0715562
165,15.916,0.0795725,515.2483333,0.076565129,556.2479313,0.006202352,110,,,51.40490235,556.2479313
166,16.016,0.0800785,516.21,0.077033724,557.5473225,-0.011241763,110,,,51.38745824,557.5473225
167,16.116,0.080582,517.1205556,0.077499785,558.7911642,0.001292157,110,,,51.39999216,558.7911642
168,16.216,0.081083,517.9738889,0.077963316,559.9727657,-0.037171038,110,,,51.36152896,559.9727657
169,16.316,0.081581,518.7944444,0.07842386,561.118214,-0.026876857,110,,,51.37182314,561.118214
170,16.416,0.082074,519.5761111,0.07887957,562.2198009,0.008312874,110,,,51.40701287,562.2198009
171,16.516,0.082575,520.4694444,0.079342463,563.4472088,-0.015247448,110,,,51.38345255,563.4472088
172,16.616,0.0830785,521.3088889,0.079807449,564.6184494,-0.020071499,110,,,51.3786285,564.6184494
173,16.716,0.0835765,522.0577778,0.080267144,565.6895396,0.024637119,110,,,51.42333712,565.6895396
174,16.816,0.084083,522.8261111,0.080734468,566.786899,-0.009992678,110,,,51.38870732,566.786899
175,16.916,0.084581,523.53,0.081193737,567.8106909,-0.007839083,110,,,51.39086092,567.8106909
176,17.016,0.0850795,524.2816667,0.081653256,568.8872887,-0.007580652,110,,,51.39111935,568.8872887
177,17.116,0.0855805,525.0533333,0.082114867,569.9876601,0.05271999,110,,,51.45141999,569.9876601
178,17.216,0.0860785,525.7238889,0.082573503,570.9774127,0.043028815,110,,,51.44172882,570.9774127
179,17.316,0.0865795,526.4288889,0.083034689,572.0068389,0.012361632,110,,,51.41106163,572.0068389
180,17.416,0.0870805,527.1666667,0.083495662,573.0726036,-0.037558685,110,,,51.36114131,573.0726036
181,17.516,0.087576,527.7994444,0.083951367,574.0220086,-0.072145411,110,,,51.32655459,574.0220086
182,17.616,0.0880795,528.4761111,0.084414216,575.0240227,-0.059783779,110,,,51.33891622,575.0240227
183,17.716,0.0885805,529.1705556,0.084874554,576.044748,0.011801697,110,,,51.4105017,576.044748
184,17.816,0.0890785,529.8488889,0.085331926,577.0470331,-0.008829737,110,,,51.38987026,577.0470331
185,17.916,0.089582,530.5288889,0.085794136,578.0547278,-0.006503855,110,,,51.39219615,578.0547278
186,18.016,0.0900775,531.1005556,0.086248795,578.9407658,0.034414438,110,,,51.43311444,578.9407658
187,18.116,0.090576,531.7427778,0.086705997,579.9059116,0.010208037,110,,,51.40890804,579.9059116
188,18.216,0.0910795,532.41,0.087167573,580.9016366,0.015333592,110,,,51.41403359,580.9016366
189,18.316,0.0915805,533.0561111,0.087626646,581.8736563,-0.008485162,110,,,51.39021484,581.8736563
190,18.416,0.092081,533.6605556,0.08808505,582.8005532,0.033036137,110,,,51.43173614,582.8005532
191,18.516,0.0925795,534.2088889,0.088541414,583.6656807,0.002024379,110,,,51.40072438,583.6656807
192,18.616,0.093075,534.7788889,0.088994825,584.553434,-0.026876857,110,,,51.37182314,584.553434
193,18.716,0.093581,535.4555556,0.089457632,585.5640219,-0.005513202,110,,,51.3931868,585.5640219
194,18.816,0.094082,536.0527778,0.089915655,586.4856952,-0.038721626,110,,,51.35997837,586.4856952
195,18.916,0.094583,536.6011111,0.090373469,587.354454,-0.023344963,110,,,51.37535504,587.354454
196,19.016,0.095081,537.1866667,0.090828333,588.2629121,-0.040272214,110,,,51.35842779,588.2629121
197,19.116,0.0955765,537.705,0.091280709,589.0969619,-0.026230779,110,,,51.37246922,589.0969619
198,19.216,0.0960805,538.3166667,0.091740635,590.0384012,-0.057371753,110,,,51.34132825,590.0384012
199,19.316,0.096581,538.8933333,0.092197158,590.9401904,-0.019468493,110,,,51.37923151,590.9401904
200,19.416,0.0970795,539.4061111,0.092651649,591.7713867,0.020846793,110,,,51.41954679,591.7713867
201,19.516,0.0975805,539.975,0.093108212,592.6660305,0.010121893,110,,,51.40882189,592.6660305
202,19.616,0.0980785,540.4983333,0.093561834,593.5095991,0.032993065,110,,,51.43169307,593.5095991
203,19.716,0.0985795,541.0527778,0.094017982,594.3894901,-0.032346987,110,,,51.36635301,594.3894901
204,19.816,0.0990805,541.5866667,0.094473921,595.2473444,0.022655813,110,,,51.42135581,595.2473444
205,19.916,0.099576,542.0633333,0.094924651,596.0398318,-0.023861825,110,,,51.37483817,596.0398318
206,20.016,0.1000765,542.6294444,0.095379723,596.9339,-0.001938235,110,,,51.39676177,596.9339
207,20.116,0.1005775,543.1722222,0.095835042,597.8031264,-0.074729724,110,,,51.32397028,597.8031264
208,20.216,0.101076,543.6638889,0.096287884,598.6152601,-0.013050782,110,,,51.38564922,598.6152601
209,20.316,0.1015795,544.2238889,0.096745059,599.5058794,-0.033639144,110,,,51.36506086,599.5058794
210,20.416,0.1020775,544.7166667,0.097197035,600.3199822,-0.064737046,110,,,51.33396295,600.3199822
211,20.516,0.1025785,545.2083333,0.097651528,601.1349864,-0.020286859,110,,,51.37841314,601.1349864
212,20.616,0.1030765,545.74,0.098103094,601.9929691,-0.026187707,110,,,51.37251229,601.9929691
213,20.716,0.1035725,546.2294444,0.098552645,602.8037936,0.002627385,110,,,51.40132739,602.8037936
214,20.816,0.104073,546.7322222,0.099006069,603.6322848,-0.032131628,110,,,51.36656837,603.6322848
215,20.916,0.1045795,547.2838889,0.09946472,604.5185643,-0.029375027,110,,,51.36932497,604.5185643
216,21.016,0.1050775,547.73,0.099915468,605.2840991,0.027350648,110,,,51.42605065,605.2840991
217,21.116,0.105581,548.2066667,0.100370989,606.0868747,-0.02808287,110,,,51.37061713,606.0868747
218,21.216,0.1060765,548.6233333,0.100819069,606.8193764,-0.014429082,110,,,51.38427092,606.8193764
219,21.316,0.1065775,549.1011111,0.101271919,607.6229348,0.004393332,110,,,51.40309333,607.6229348
220,21.416,0.107081,549.6472222,0.101726822,608.5039964,-0.000301503,110,,,51.3983985,608.5039964
221,21.516,0.107582,550.0666667,0.102179261,609.2439388,0.005211698,110,,,51.4039117,609.2439388
222,21.616,0.108083,550.495,0.102631495,609.9941511,-0.00297196,110,,,51.39572804,609.9941511
223,21.716,0.1085785,550.8783333,0.103078564,610.6918764,-0.035275875,110,,,51.36342412,610.6918764
224,21.816,0.109074,551.2794444,0.103525433,611.4096986,-0.020588362,110,,,51.37811164,611.4096986
225,21.916,0.1095805,551.8005556,0.103982016,612.2671363,0.002885816,110,,,51.40158582,612.2671363
226,22.016,0.110081,552.2033333,0.104432986,612.9904285,-0.003230392,110,,,51.39546961,612.9904285
227,22.116,0.1105795,552.555,0.104881951,613.6562556,-0.013955291,110,,,51.38474471,613.6562556
228,22.216,0.111075,552.9777778,0.105328015,614.3997844,-0.012663135,110,,,51.38603687,614.3997844
229,22.316,0.111573,553.4333333,0.105776129,615.1815506,-0.008528234,110,,,51.39017177,615.1815506
230,22.416,0.1120765,553.8666667,0.106228988,615.9421041,-0.01895163,110,,,51.37974837,615.9421041
231,22.516,0.1125775,554.2977778,0.106679396,616.6992359,-0.026963001,110,,,51.371737,616.6992359
232,22.616,0.113076,554.6188889,0.107127354,617.3329744,0.041865874,110,,,51.44056587,617.3329744
233,22.716,0.1135795,555.0272222,0.107579602,618.0669366,-0.016798036,110,,,51.38190196,618.0669366
234,22.816,0.1140805,555.4044444,0.108029401,618.7652612,-0.015333592,110,,,51.38336641,618.7652612
235,22.916,0.114576,555.7516667,0.108474064,619.4274696,0.009518887,110,,,51.40821889,619.4274696
236,23.016,0.1150795,556.1844444,0.108925703,620.1898722,0.055778094,110,,,51.45447809,620.1898722
237,23.116,0.1155805,556.55,0.109374897,620.8763273,0.050997114,110,,,51.44969711,620.8763273
238,23.216,0.116081,556.9116667,0.109823442,621.5585298,0.020329931,110,,,51.41902993,621.5585298
239,23.316,0.116582,557.2405556,0.110272233,622.204774,0.007106861,110,,,51.40580686,622.204774
240,23.416,0.1170775,557.545,0.1107159,622.8209747,0.034156006,110,,,51.43285601,622.8209747
241,23.516,0.117581,557.8938889,0.111166528,623.4916102,0.020976009,110,,,51.41967601,623.4916102
242,23.616,0.1180845,558.2761111,0.111616953,624.1998666,0.017659474,110,,,51.41635947,624.1998666
243,23.716,0.118583,558.6027778,0.112062706,624.843571,0.072791489,110,,,51.47149149,624.843571
244,23.816,0.119084,558.9533333,0.112510494,625.5157321,0.052289271,110,,,51.45098927,625.5157321
245,23.916,0.1195765,559.1727778,0.112950489,626.0367014,0.072403842,110,,,51.47110384,626.0367014
246,24.016,0.1200775,559.5633333,0.113397879,626.7542995,0.092303054,110,,,51.49100305,626.7542995
247,24.116,0.120584,559.9572222,0.113849978,627.4791039,0.063617177,110,,,51.46231718,627.4791039
248,24.216,0.121082,560.2166667,0.11429429,628.0488211,0.053322996,110,,,51.452023,628.0488211
249,24.316,0.121583,560.5366667,0.11474108,628.6883962,0.055519662,110,,,51.45421966,628.6883962
250,24.416,0.122076,560.7561111,0.115180541,629.2109741,0.060731361,110,,,51.45943136,629.2109741
251,24.516,0.122574,561.0655556,0.115624263,629.837605,0.0563811,110,,,51.4550811,629.837605
252,24.616,0.1230805,561.4638889,0.116075356,630.5691451,0.088900375,110,,,51.48760037,630.5691451
253,24.716,0.123581,561.7533333,0.116520906,631.175372,0.019511565,110,,,51.41821156,631.175372
254,24.816,0.1240795,562.015,0.116964479,631.7495402,0.02648921,110,,,51.42518921,631.7495402
255,24.916,0.1245775,562.3216667,0.11740741,632.3742941,-0.000646078,110,,,51.39805392,632.3742941
256,25.016,0.125073,562.5627778,0.117847922,632.9241921,0.023258819,110,,,51.42195882,632.9241921
257,25.116,0.1255765,562.9111111,0.118295349,633.5995183,0.054916656,110,,,51.45361666,633.5995183
258,25.216,0.126075,563.1711111,0.118738135,634.1729089,0.056682603,110,,,51.4553826,634.1729089
259,25.316,0.126573,563.4133333,0.119180281,634.7262492,0.049360382,110,,,51.44806038,634.7262492
260,25.416,0.1270795,563.7444444,0.119629774,635.3848066,0.105827626,110,,,51.50452763,635.3848066
261,25.516,0.127572,563.9577778,0.120066648,635.9029994,0.075160443,110,,,51.47386044,635.9029994
262,25.616,0.128073,564.2311111,0.120510867,636.4938822,0.153034414,110,,,51.55173441,636.4938822
263,25.716,0.128574,564.4961111,0.120954889,637.0756341,0.081190507,110,,,51.47989051,637.0756341
264,25.816,0.129075,564.7477778,0.121398713,637.6425972,0.118878408,110,,,51.51757841,637.6425972
265,25.916,0.129581,565.0416667,0.121846768,638.2603309,0.110436318,110,,,51.50913632,638.2603309
266,26.016,0.130082,565.2605556,0.122290196,638.7907791,0.112934488,110,,,51.51163449,638.7907791
267,26.116,0.1305775,565.4288889,0.122728564,639.2611796,0.096007236,110,,,51.49470724,639.2611796
268,26.216,0.131081,565.7522222,0.123173813,639.9115893,0.127751217,110,,,51.52645122,639.9115893
269,26.316,0.1315845,565.9911111,0.123618863,640.4667685,0.110220959,110,,,51.50892096,640.4667685
270,26.416,0.1320805,566.1938889,0.12405709,640.9770608,0.126932851,110,,,51.52563285,640.9770608
271,26.516,0.1325785,566.44,0.124496892,641.5377655,0.141275789,110,,,51.53997579,641.5377655
272,26.616,0.133074,566.6227778,0.124934293,642.0255373,0.165223758,110,,,51.56392376,642.0255373
273,26.716,0.1335775,566.9066667,0.125378561,642.6326419,0.161088857,110,,,51.55978886,642.6326419
274,26.816,0.134081,567.1983333,0.125822631,643.2488531,0.151139251,110,,,51.54983925,643.2488531
275,26.916,0.1345795,567.4,0.126262098,643.7604083,0.096739458,110,,,51.49543946,643.7604083
276,27.016,0.135083,567.6616667,0.126705776,644.3431076,0.111685403,110,,,51.5103854,644.3431076
277,27.116,0.135576,567.8394444,0.127140011,644.824845,0.185682905,110,,,51.5843829,644.824845
278,27.216,0.136074,568.0661111,0.127578459,645.3651391,0.225696688,110,,,51.62439669,645.3651391
279,27.316,0.1365805,568.3522222,0.128024193,645.9780529,0.352112676,110,,,51.75081268,645.9780529
280,27.416,0.1370785,568.5338889,0.128462254,646.4676616,0.346771762,110,,,51.74547176,646.4676616
281,27.516,0.137582,568.74,0.128904957,646.9883867,0.330102942,110,,,51.72880294,646.9883867
282,27.616,0.1380805,568.8844444,0.129343071,647.436293,0.346168756,110,,,51.74486876,647.436293
283,27.716,0.1385785,569.07,0.129780555,647.930867,0.318990395,110,,,51.71769039,647.930867
284,27.816,0.139082,569.34,0.130222675,648.5249459,0.289873799,110,,,51.6885738,648.5249459
285,27.916,0.1395805,569.5222222,0.130660212,649.0164188,0.357238231,110,,,51.75593823,649.0164188
286,28.016,0.140081,569.705,0.131099313,649.5098461,0.355989146,110,,,51.75468915,649.5098461
287,28.116,0.140582,569.9394444,0.131538658,650.0626714,0.337209803,110,,,51.7359098,650.0626714
288,28.216,0.1410775,570.0888889,0.131972991,650.5156041,0.382693716,110,,,51.78139372,650.5156041
289,28.316,0.1415785,570.3061111,0.132411954,651.0491949,0.369212215,110,,,51.76791222,651.0491949
290,28.416,0.1420795,570.5233333,0.132850724,651.5830033,0.438213378,110,,,51.83691338,651.5830033
291,28.516,0.1425775,570.6761111,0.133286675,652.0416843,0.43231253,110,,,51.83101253,652.0416843
292,28.616,0.143081,570.8794444,0.133727248,652.5614462,0.370633587,110,,,51.76933359,652.5614462
293,28.716,0.1435795,571.0533333,0.134163255,653.0448854,0.347891631,110,,,51.74659163,653.0448854
294,28.816,0.1440775,571.2361111,0.134598635,653.5383819,0.390791231,110,,,51.78949123,653.5383819
295,28.916,0.1445785,571.4644444,0.135036447,654.0859166,0.364689667,110,,,51.76338967,654.0859166
296,29.016,0.1450795,571.6327778,0.135474067,654.5649754,0.359564113,110,,,51.75826411,654.5649754
297,29.116,0.145583,571.8361111,0.135913678,655.0857277,0.39716587,110,,,51.79586587,655.0857277
298,29.216,0.146081,571.9866667,0.136348296,655.5430509,0.39647672,110,,,51.79517672,655.5430509
299,29.316,0.146574,572.105,0.136778365,655.9607183,0.379161821,110,,,51.77786182,655.9607183
300,29.416,0.147083,572.3833333,0.137222198,656.5711912,0.429297498,110,,,51.8279975,656.5711912
301,29.516,0.147581,572.5661111,0.137656249,657.0659904,0.445363311,110,,,51.84406331,657.0659904
302,29.616,0.148082,572.7083333,0.138092724,657.5161288,0.41908946,110,,,51.81778946,657.5161288
303,29.716,0.1485805,572.9027778,0.138526832,658.024959,0.457724943,110,,,51.85642494,658.024959
304,29.816,0.149076,573.0122222,0.138958141,658.4345923,0.467545333,110,,,51.86624533,658.4345923
305,29.916,0.1495765,573.2155556,0.139393614,658.9551321,0.494594478,110,,,51.89329448,658.9551321
306,30.016,0.1500775,573.375,0.139829331,659.4256866,0.497308007,110,,,51.89600801,659.4256866
307,30.116,0.150576,573.5416667,0.140262687,659.9032767,0.495800491,110,,,51.89450049,659.9032767
308,30.216,0.1510795,573.7194444,0.140700198,660.3966913,0.48094069,110,,,51.87964069,660.3966913
309,30.316,0.1515775,573.87,0.141132742,660.8557799,0.478399449,110,,,51.87709945,660.8557799
310,30.416,0.152076,574.0333333,0.141565532,661.3300265,0.475901279,110,,,51.87460128,661.3300265
311,30.516,0.1525795,574.2572222,0.142002474,661.8771021,0.534435974,110,,,51.93313597,661.8771021
312,30.616,0.1530775,574.3772222,0.142434455,662.3014515,0.487702976,110,,,51.88640298,662.3014515
313,30.716,0.1535785,574.545,0.14286885,662.7827593,0.551147866,110,,,51.94984787,662.7827593
314,30.816,0.1540795,574.7127778,0.143303057,663.2642352,0.542964207,110,,,51.94166421,663.2642352
315,30.916,0.1545775,574.8622222,0.143734476,663.7229874,0.572037731,110,,,51.97073773,663.7229874
316,31.016,0.155081,575.03,0.144170471,664.2062274,0.557824008,110,,,51.95652401,664.2062274
317,31.116,0.1555795,575.15,0.14460195,664.6315494,0.560106818,110,,,51.95880682,664.6315494
318,31.216,0.1560775,575.3238889,0.14503281,665.1190032,0.602274196,110,,,52.0009742,665.1190032
319,31.316,0.156581,575.5516667,0.145468239,665.6721222,0.60304949,110,,,52.00174949,665.6721222
320,31.416,0.1570765,575.6644444,0.145896565,666.0878006,0.583236422,110,,,51.98193642,666.0878006
321,31.516,0.1575775,575.785,0.146329459,666.5157608,0.575095835,110,,,51.97379583,666.5157608
322,31.616,0.1580785,575.9788889,0.146762166,667.0287677,0.581685834,110,,,51.98038583,667.0287677
323,31.716,0.1585795,576.135,0.147194686,667.4982002,0.571822372,110,,,51.97052237,667.4982002
324,31.816,0.1590805,576.3205556,0.147627018,668.0019177,0.637593143,110,,,52.03629314,668.0019177
325,31.916,0.1595785,576.4266667,0.148056577,668.4119695,0.642158763,110,,,52.04085876,668.4119695
326,32.016,0.160074,576.5688889,0.148483796,668.8625772,0.578584658,110,,,51.97728466,668.8625772
327,32.116,0.1605805,576.7838889,0.148920311,669.4041342,0.635051902,110,,,52.0337519,669.4041342
328,32.216,0.1610785,576.9183333,0.149349315,669.8474731,0.648274971,110,,,52.04697497,669.8474731
329,32.316,0.1615795,577.065,0.149780717,670.3068742,0.621268898,110,,,52.0199689,670.3068742
330,32.416,0.1620805,577.1627778,0.150211933,670.7096094,0.653357454,110,,,52.05205745,670.7096094
331,32.516,0.162576,577.2616667,0.150638233,671.1105594,0.68135418,110,,,52.08005418,671.1105594
332,32.616,0.1630795,577.4972222,0.151071229,671.6751805,0.672696731,110,,,52.07139673,671.6751805
333,32.716,0.163583,577.6472222,0.151504038,672.1404878,0.690183917,110,,,52.08888392,672.1404878
334,32.816,0.1640785,577.7261111,0.151929787,672.5185448,0.664254641,110,,,52.06295464,672.5185448
335,32.916,0.1645795,577.8922222,0.152360078,673.0014352,0.649610199,110,,,52.0483102,673.0014352
336,33.016,0.1650775,578.0222222,0.152787608,673.4406856,0.647241246,110,,,52.04594125,673.4406856
337,33.116,0.1655785,578.1994444,0.15321753,673.9368412,0.680449671,110,,,52.07914967,673.9368412
338,33.216,0.166082,578.3905556,0.153649411,674.4508158,0.726105871,110,,,52.12480587,674.4508158
339,33.316,0.1665775,578.4644444,0.154074248,674.8236054,0.686565878,110,,,52.08526588,674.8236054
340,33.416,0.167081,578.615,0.15450576,675.2905728,0.709178619,110,,,52.10787862,675.2905728
341,33.516,0.167582,578.7561111,0.154934944,675.7452177,0.704096136,110,,,52.10279614,675.7452177
342,33.616,0.1680775,578.87,0.155359235,676.1650224,0.762544687,110,,,52.16124469,676.1650224
343,33.716,0.168584,579.0633333,0.155792759,676.6841463,0.755653185,110,,,52.15435319,676.6841463
344,33.816,0.1690795,579.1611111,0.156216687,677.0853822,0.742688547,110,,,52.14138855,677.0853822
345,33.916,0.16958,579.2977778,0.15664471,677.5350949,0.759745014,110,,,52.15844501,677.5350949
346,34.016,0.170081,579.4727778,0.157072977,678.0300873,0.766205797,110,,,52.1649058,678.0300873
347,34.116,0.1705795,579.5538889,0.157498925,678.4139015,0.754274885,110,,,52.15297488,678.4139015
348,34.216,0.17108,579.6766667,0.1579264,678.8477508,0.810182194,110,,,52.20888219,678.8477508
349,34.316,0.171581,579.8077778,0.158354119,679.2917761,0.794030236,110,,,52.19273024,679.2917761
350,34.416,0.1720795,579.9294444,0.158779522,679.7234133,0.780936383,110,,,52.17963638,679.7234133
351,34.516,0.17258,580.1066667,0.159206449,680.2214752,0.843261403,110,,,52.2419614,680.2214752
352,34.616,0.173076,580.2233333,0.159629359,680.646067,0.844510488,110,,,52.24321049,680.646067
353,34.716,0.173574,580.3511111,0.160053794,681.0849749,0.806994874,110,,,52.20569487,681.0849749
354,34.816,0.174083,580.5577778,0.160487417,681.6230174,0.845501141,110,,,52.24420114,681.6230174
355,34.916,0.1745785,580.6522222,0.16090936,682.0216162,0.876254469,110,,,52.27495447,682.0216162
356,35.016,0.1750795,580.7894444,0.161335805,682.47377,0.871171986,110,,,52.26987199,682.47377
357,35.116,0.1755775,580.8722222,0.161759516,682.8603148,0.86875996,110,,,52.26745996,682.8603148
358,35.216,0.176073,580.97,0.162180922,683.2631308,0.906835508,110,,,52.30553551,683.2631308
359,35.316,0.1765765,581.2044444,0.16260895,683.831491,0.925873283,110,,,52.32457328,683.831491
360,35.416,0.1770775,581.34,0.163034671,684.2822339,0.98014386,110,,,52.37884386,684.2822339
361,35.516,0.177576,581.43,0.163458088,684.6780137,0.968385235,110,,,52.36708523,684.6780137
362,35.616,0.1780765,581.6055556,0.163883024,685.1758373,0.961407589,110,,,52.36010759,685.1758373
363,35.716,0.178572,581.7022222,0.164303536,685.5779514,0.990739544,110,,,52.38943954,685.5779514
364,35.816,0.179076,581.8761111,0.164731081,686.0761576,0.997932549,110,,,52.39663255,686.0761576
365,35.916,0.1795765,582.0255556,0.165155476,686.5436677,0.970624973,110,,,52.36932497,686.5436677
366,36.016,0.1800775,582.1344444,0.165580114,686.9637599,0.992979282,110,,,52.39167928,686.9637599
367,36.116,0.180581,582.2716667,0.16600669,687.4188665,1.005082483,110,,,52.40378248,687.4188665
368,36.216,0.1810795,582.3622222,0.166428851,687.8160822,0.990438041,110,,,52.38913804,687.8160822
369,36.316,0.1815775,582.5105556,0.16685041,688.281366,0.966059353,110,,,52.36475935,688.281366
370,36.416,0.182081,582.6611111,0.167276445,688.7526289,1.11207305,110,,,52.51077305,688.7526289
371,36.516,0.1825795,582.7444444,0.16769807,689.1416337,1.119395271,110,,,52.51809527,689.1416337
372,36.616,0.183083,582.8844444,0.168123743,689.6006772,1.143257096,110,,,52.5419571,689.6006772
373,36.716,0.183581,582.9644444,0.168544589,689.9856401,1.13856226,110,,,52.53726226,689.9856401
374,36.816,0.1840765,583.0422222,0.168963146,690.3665938,1.107679717,110,,,52.50637972,690.3665938
375,36.916,0.1845775,583.2005556,0.169386171,690.8462561,1.184606108,110,,,52.58330611,690.8462561
376,37.016,0.185081,583.3655556,0.169811127,691.3354359,1.092303054,110,,,52.49100305,691.3354359
377,37.116,0.1855795,583.4522222,0.170231685,691.7289939,1.189171728,110,,,52.58787173,691.7289939
378,37.216,0.18608,583.6111111,0.170653752,692.2094667,1.197183099,110,,,52.5958831,692.2094667
379,37.316,0.186573,583.6644444,0.17106932,692.5604708,1.218072964,110,,,52.61677296,692.5604708
380,37.416,0.187074,583.8088889,0.171491456,693.024353,1.235947797,110,,,52.6346478,693.024353
381,37.516,0.18758,583.9866667,0.171917623,693.5308856,1.251453676,110,,,52.65015368,693.5308856
382,37.616,0.1880785,584.0783333,0.172337296,693.9309101,1.237799888,110,,,52.63649989,693.9309101
383,37.716,0.188582,584.2122222,0.172761,694.3841315,1.289486152,110,,,52.68818615,694.3841315
384,37.816,0.1890775,584.2822222,0.173177796,694.7568441,1.265365896,110,,,52.6640659,694.7568441
385,37.916,0.189576,584.41,0.173596941,695.2001102,1.259163544,110,,,52.65786354,695.2001102
386,38.016,0.1900795,584.6188889,0.174020112,695.742955,1.268165568,110,,,52.66686557,695.742955
387,38.116,0.19058,584.7277778,0.174440583,696.1651977,1.315501572,110,,,52.71420157,696.1651977
388,38.216,0.191081,584.8255556,0.174861298,696.5746075,1.304862816,110,,,52.70356282,696.5746075
389,38.316,0.191582,584.9238889,0.175281836,696.9847774,1.279364259,110,,,52.67806426,696.9847774
390,38.416,0.1920775,584.9866667,0.175697583,697.3494431,1.349786794,110,,,52.74848679,697.3494431
391,38.516,0.192581,585.1522222,0.176119866,697.8414223,1.385407245,110,,,52.78410724,697.8414223
392,38.616,0.1930795,585.2616667,0.17653778,698.2636966,1.369944437,110,,,52.76864444,698.2636966
393,38.716,0.19358,585.3416667,0.176957194,698.6521065,1.38575182,110,,,52.78445182,698.6521065
394,38.816,0.194081,585.4905556,0.177376852,699.1231481,1.375586854,110,,,52.77428685,699.1231481
395,38.916,0.1945795,585.5861111,0.177794241,699.5291638,1.417754232,110,,,52.81645423,699.5291638
396,39.016,0.1950775,585.7277778,0.178211037,699.9900883,1.409699789,110,,,52.80839979,699.9900883
397,39.116,0.195581,585.8472222,0.17863226,700.4278078,1.463841151,110,,,52.86254115,700.4278078
398,39.216,0.1960795,585.92,0.179049125,700.8069006,1.443985011,110,,,52.84268501,700.8069006
399,39.316,0.196583,586.0588889,0.179469995,701.2681034,1.452599388,110,,,52.85129939,701.2681034
400,39.416,0.197081,586.135,0.179886093,701.6510719,1.528664341,110,,,52.92736434,701.6510719
401,39.516,0.1975765,586.195,0.180299931,702.0133564,1.517034931,110,,,52.91573493,702.0133564
402,39.616,0.19808,586.3822222,0.180720275,702.5328128,1.536288065,110,,,52.93498806,702.5328128
403,39.716,0.198581,586.5438889,0.181138357,703.0203609,1.543911789,110,,,52.94261179,703.0203609
404,39.816,0.199082,586.6661111,0.181556264,703.4607738,1.526036956,110,,,52.92473696,703.4607738
405,39.916,0.1995775,586.7338889,0.181969411,703.8327716,1.556187277,110,,,52.95488728,703.8327716
406,40.016,0.2000705,586.7783333,0.182380305,704.1753679,1.626695956,110,,,53.02539596,704.1753679
407,40.116,0.200574,586.9588889,0.182799776,704.6875811,1.633975104,110,,,53.0326751,704.6875811
408,40.216,0.2010775,587.1288889,0.183219071,705.187298,1.658224577,110,,,53.05692458,705.187298
409,40.316,0.201576,587.2011111,0.183634028,705.5667623,1.625403799,110,,,53.0241038,705.5667623
410,40.416,0.2020765,587.3411111,0.184050478,706.0289472,1.691088427,110,,,53.08978843,706.0289472
411,40.516,0.202572,587.3961111,0.184462596,706.3861161,1.708575613,110,,,53.10727561,706.3861161
412,40.616,0.203073,587.5444444,0.184879117,706.8588574,1.687168885,110,,,53.08586888,706.8588574
413,40.716,0.2035795,587.7061111,0.185300033,707.3510274,1.70577594,110,,,53.10447594,707.3510274
414,40.816,0.2040775,587.7561111,0.185713714,707.7039089,1.715940905,110,,,53.11464091,707.7039089
415,40.916,0.204581,587.8538889,0.186131789,708.1176253,1.769737692,110,,,53.16843769,708.1176253
416,41.016,0.205082,587.9461111,0.186547614,708.5232755,1.771115993,110,,,53.16981599,708.5232755
417,41.116,0.2055775,588.0288889,0.186958705,708.9143978,1.812637292,110,,,53.21133729,708.9143978
418,41.216,0.206081,588.1966667,0.18737626,709.4128239,1.810871344,110,,,53.20957134,709.4128239
419,41.316,0.2065795,588.2766667,0.187789497,709.8025663,1.821423957,110,,,53.22012396,709.8025663
420,41.416,0.20708,588.3855556,0.18820422,710.2284364,1.864108197,110,,,53.2628082,710.2284364
421,41.516,0.207581,588.5222222,0.188619185,710.6882536,1.877374338,110,,,53.27607434,710.6882536
422,41.616,0.2080765,588.5772222,0.189029425,711.0463106,1.92445191,110,,,53.32315191,711.0463106
423,41.716,0.2085775,588.7277778,0.189444048,711.5231458,1.908386096,110,,,53.3070861,711.5231458
424,41.816,0.2090785,588.8061111,0.189858499,711.9128096,1.937502692,110,,,53.33620269,711.9128096
425,41.916,0.2095765,588.8783333,0.190270298,712.2933934,1.962742818,110,,,53.36144282,712.2933934
426,42.016,0.21008,589.0622222,0.190686473,712.8124139,1.976396606,110,,,53.37509661,712.8124139
427,42.116,0.210576,589.1744444,0.191096279,713.2404423,1.909247534,110,,,53.30794753,713.2404423
428,42.216,0.211074,589.2605556,0.191507569,713.6381381,1.967394582,110,,,53.36609458,713.6381381
429,42.316,0.2115775,589.4005556,0.19192323,714.1044516,2.019210062,110,,,53.41791006,714.1044516
430,42.416,0.2120785,589.5411111,0.192336655,714.5701056,2.077960115,110,,,53.47666012,714.5701056
431,42.516,0.212582,589.6644444,0.19275197,715.0164914,2.058965413,110,,,53.45766541,715.0164914
432,42.616,0.21308,589.7033333,0.19316258,715.3573196,2.089460309,110,,,53.48816031,715.3573196
433,42.716,0.213576,589.7688889,0.193571373,715.7293691,2.084937761,110,,,53.48363776,715.7293691
434,42.816,0.214082,589.9055556,0.193988236,716.1937167,2.094844295,110,,,53.4935443,716.1937167
435,42.916,0.214583,590.0305556,0.194400808,716.6410823,2.126415988,110,,,53.52511599,716.6410823
436,43.016,0.215081,590.1227778,0.194810741,717.0469749,2.089804884,110,,,53.48850488,717.0469749
437,43.116,0.215582,590.1988889,0.195222974,717.4351458,2.122884094,110,,,53.52158409,717.4351458
438,43.216,0.2160775,590.2544444,0.195630515,717.7951492,2.17758539,110,,,53.57628539,717.7951492
439,43.316,0.2165785,590.3661111,0.196042411,718.2267179,2.170909248,110,,,53.56960925,718.2267179
440,43.416,0.217082,590.5055556,0.196456191,718.6936826,2.142309515,110,,,53.54100951,718.6936826
441,43.516,0.21758,590.5666667,0.196865282,719.062162,2.164620752,110,,,53.56332075,719.062162
442,43.616,0.218081,590.6477778,0.19727667,719.4568358,2.23693845,110,,,53.63563845,719.4568358
443,43.716,0.2185795,590.7466667,0.197685836,719.8717777,2.275229358,110,,,53.67392936,719.8717777
444,43.816,0.21908,590.8561111,0.198096476,720.3008679,2.245466684,110,,,53.64416668,720.3008679
445,43.916,0.219581,591.0211111,0.198507357,720.7981177,2.326527975,110,,,53.72522798,720.7981177
446,44.016,0.2200795,591.0811111,0.198916021,721.1659465,2.307963992,110,,,53.70666399,721.1659465
447,44.116,0.220583,591.1755556,0.199328613,721.5788331,2.300770987,110,,,53.69947099,721.5788331
448,44.216,0.221081,591.3072222,0.199736532,722.0340142,2.315329285,110,,,53.71402928,722.0340142
449,44.316,0.2215795,591.405,0.200144694,722.4482242,2.330102942,110,,,53.72880294,722.4482242
450,44.416,0.22208,591.5366667,0.200554325,722.9051296,2.408192273,110,,,53.80689227,722.9051296
451,44.516,0.222581,591.6016667,0.200964198,723.2809572,2.398845673,110,,,53.79754567,723.2809572
452,44.616,0.2230795,591.6972222,0.201371859,723.6927427,2.403368222,110,,,53.80206822,723.6927427
453,44.716,0.22358,591.8177778,0.201780988,724.1363965,2.376491364,110,,,53.77519136,724.1363965
454,44.816,0.224073,591.8772222,0.202183823,724.500927,2.407761554,110,,,53.80646155,724.500927
455,44.916,0.224574,591.9722222,0.202593028,724.9137921,2.430546582,110,,,53.82924658,724.9137921
456,45.016,0.2250775,592.1283333,0.203004107,725.4030983,2.489511996,110,,,53.888212,725.4030983
457,45.116,0.2255755,592.1883333,0.20341053,725.7715127,2.487143042,110,,,53.88584304,725.7715127
458,45.216,0.2260795,592.3077778,0.20382168,726.216424,2.455958996,110,,,53.854659,726.216424
459,45.316,0.226575,592.3494444,0.204225732,726.5610198,2.579058449,110,,,53.97775845,726.5610198
460,45.416,0.227073,592.4294444,0.204631659,726.9541757,2.571994659,110,,,53.97069466,726.9541757
461,45.516,0.2275765,592.6144444,0.205041901,727.4795656,2.537709437,110,,,53.93640944,727.4795656
462,45.616,0.2280775,592.6672222,0.205449938,727.8412806,2.646853599,110,,,54.0455536,727.8412806
463,45.716,0.2285785,592.7533333,0.20585781,728.2440011,2.671275359,110,,,54.06997536,728.2440011
464,45.816,0.2290765,592.8194444,0.206263074,728.6204479,2.682689409,110,,,54.08138941,728.6204479
465,45.916,0.229575,592.8922222,0.206668581,729.0054541,2.701038032,110,,,54.09973803,729.0054541
466,46.016,0.230081,593.0411111,0.207080021,729.488603,2.696084765,110,,,54.09478477,729.488603
467,46.116,0.230582,593.1633333,0.207487228,729.9361211,2.732609726,110,,,54.13130973,729.9361211
468,46.216,0.2310775,593.2044444,0.207889802,730.2806445,2.779084292,110,,,54.17778429,730.2806445
469,46.316,0.231581,593.3422222,0.20829871,730.7490074,2.775595469,110,,,54.17429547,730.7490074
470,46.416,0.2320795,593.4455556,0.208703392,731.1721034,2.78817246,110,,,54.18687246,731.1721034
471,46.516,0.23258,593.5627778,0.209109534,731.6136086,2.815393892,110,,,54.21409389,731.6136086
472,46.616,0.233081,593.6605556,0.209515915,732.0315515,2.823232976,110,,,54.22193298,732.0315515
473,46.716,0.2335795,593.7005556,0.209920106,732.3768345,2.801438601,110,,,54.2001386,732.3768345
474,46.816,0.234083,593.8344444,0.210328184,732.8409927,2.865701856,110,,,54.26440186,732.8409927
475,46.916,0.234581,593.9255556,0.210731641,733.2492063,2.89339708,110,,,54.29209708,733.2492063
476,47.016,0.2350795,593.9872222,0.21113534,733.6214414,2.92238446,110,,,54.32108446,733.6214414
477,47.116,0.23558,594.1,0.211540495,734.058078,2.962828962,110,,,54.36152896,734.058078
478,47.216,0.2360785,594.1855556,0.211943868,734.4599902,2.963690399,110,,,54.3623904,734.4599902
479,47.316,0.236582,594.2916667,0.212351122,734.8903778,3.014989017,110,,,54.41368902,734.8903778
480,47.416,0.23708,594.3805556,0.212753764,735.2962977,3.023086531,110,,,54.42178653,735.2962977
481,47.516,0.2375755,594.4194444,0.213154224,735.6389412,3.058405479,110,,,54.45710548,735.6389412
482,47.616,0.2380795,594.5444444,0.213561389,736.0932885,3.001679804,110,,,54.4003798,736.0932885
483,47.716,0.23858,594.6338889,0.213965562,736.5016421,3.035921954,110,,,54.43462195,736.5016421
484,47.816,0.2390785,594.7188889,0.214367958,736.9033888,3.080070638,110,,,54.47877064,736.9033888
485,47.916,0.239582,594.8655556,0.214774226,737.3846351,3.060386786,110,,,54.45908679,737.3846351
486,48.016,0.2400775,594.8738889,0.215173878,737.6897249,3.076883318,110,,,54.47558332,737.6897249
487,48.116,0.2405755,594.9733333,0.215575385,738.1093405,3.131843046,110,,,54.53054305,738.1093405
488,48.216,0.2410795,595.1655556,0.215981565,738.6477701,3.139380626,110,,,54.53808063,738.6477701
489,48.316,0.24158,595.2194444,0.216384762,739.0125578,3.188353362,110,,,54.58705336,739.0125578
490,48.416,0.242081,595.2938889,0.216788199,739.4032288,3.200758065,110,,,54.59945807,739.4032288
491,48.516,0.2425795,595.3283333,0.217189461,739.7427828,3.216307016,110,,,54.61500702,739.7427828
492,48.616,0.2430775,595.3955556,0.21759016,740.1228187,3.20657277,110,,,54.60527277,740.1228187
493,48.716,0.243581,595.5555556,0.217995121,740.6215733,3.246844984,110,,,54.64554498,740.6215733
494,48.816,0.244082,595.6333333,0.218397909,741.0167086,3.286600336,110,,,54.68530034,741.0167086
495,48.916,0.24458,595.7027778,0.218798124,741.3997632,3.366111039,110,,,54.76481104,741.3997632
496,49.016,0.245081,595.8138889,0.219200588,741.8365526,3.296248439,110,,,54.69494844,741.8365526
497,49.116,0.2455765,595.8627778,0.219598475,742.1926732,3.366455614,110,,,54.76515561,742.1926732
498,49.216,0.24608,595.9905556,0.220002624,742.6519115,3.400611621,110,,,54.79931162,742.6519115
499,49.316,0.246581,596.0611111,0.220404604,743.038456,3.398070379,110,,,54.79677038,743.038456
500,49.416,0.2470795,596.1094444,0.220804418,743.3958679,3.43963475,110,,,54.83833475,743.3958679
501,49.516,0.247583,596.2338889,0.221208079,743.8512638,3.45673429,110,,,54.85543429,743.8512638
502,49.616,0.2480785,596.3066667,0.221605169,744.2375301,3.454623767,110,,,54.85332377,744.2375301
503,49.716,0.2485765,596.3911111,0.222004102,744.6399261,3.478700952,110,,,54.87740095,744.6399261
504,49.816,0.24908,596.4977778,0.22240728,745.0734443,3.494249903,110,,,54.8929499,745.0734443
505,49.916,0.2495785,596.5527778,0.222806294,745.4395252,3.529698066,110,,,54.92839807,745.4395252
506,50.016,0.2500795,596.6516667,0.223207149,745.8620171,3.594047465,110,,,54.99274747,745.8620171
507,50.116,0.2505775,596.7277778,0.223605445,746.2543325,3.588878839,110,,,54.98757884,746.2543325
508,50.216,0.251073,596.7744444,0.224001583,746.6083945,3.634965758,110,,,55.03366576,746.6083945
509,50.316,0.2515765,596.8866667,0.224403957,747.0493252,3.652496016,110,,,55.05119602,747.0493252
510,50.416,0.252075,596.9827778,0.224802175,747.4672115,3.703062411,110,,,55.10176241,747.4672115
511,50.516,0.2525755,597.0877778,0.225201832,747.8975218,3.684584572,110,,,55.08328457,747.8975218
512,50.616,0.2530795,597.2122222,0.225604122,748.3543928,3.738553646,110,,,55.13725365,748.3543928
513,50.716,0.253572,597.1933333,0.225997076,748.6248413,3.765516647,110,,,55.16421665,748.6248413
514,50.816,0.2540755,597.3277778,0.226398648,749.0941316,3.735883189,110,,,55.13458319,749.0941316
515,50.916,0.2545795,597.4544444,0.226800457,749.5540982,3.808890037,110,,,55.20759004,749.5540982
516,51.016,0.2550775,597.4983333,0.227197324,749.9067145,3.823577551,110,,,55.22227755,749.9067145
517,51.116,0.255581,597.5883333,0.227598414,750.3205572,3.833268726,110,,,55.23196873,750.3205572
518,51.216,0.2560765,597.6483333,0.227992974,750.6920268,3.870525908,110,,,55.26922591,750.6920268
519,51.316,0.2565775,597.7283333,0.228391755,751.0919748,3.848774605,110,,,55.2474746,751.0919748
520,51.416,0.257081,597.8716667,0.228792367,751.5731126,3.967868372,110,,,55.36656837,751.5731126
521,51.516,0.2575795,597.9172222,0.229188842,751.9284414,4.009863462,110,,,55.40856346,751.9284414
522,51.616,0.258083,597.9638889,0.229589134,752.2882032,3.987336865,110,,,55.38603687,752.2882032
523,51.716,0.258581,598.0477778,0.229984896,752.6915702,3.990050394,110,,,55.38875039,752.6915702
524,51.816,0.2590795,598.0838889,0.230380898,753.0351638,3.973640005,110,,,55.37234001,753.0351638
525,51.916,0.25958,598.205,0.230778332,753.4870539,4.050867899,110,,,55.4495679,753.4870539
526,52.016,0.2600785,598.2811111,0.231174021,753.8811651,3.999483137,110,,,55.39818314,753.8811651
527,52.116,0.2605765,598.3227778,0.231569156,754.2316331,4.069130379,110,,,55.46783038,754.2316331
528,52.216,0.2610775,598.4694444,0.231966514,754.7163508,4.137614679,110,,,55.53631468,754.7163508
529,52.316,0.2615755,598.535,0.232361337,755.0970919,4.080415213,110,,,55.47911521,755.0970919
530,52.416,0.2620765,598.6338889,0.23275838,755.5217633,4.139595986,110,,,55.53829599,755.5217633
531,52.516,0.2625775,598.7183333,0.233155266,755.9282965,4.155058793,110,,,55.55375879,755.9282965
532,52.616,0.2630755,598.7738889,0.23354962,756.2966291,4.152560624,110,,,55.55126062,756.2966291
533,52.716,0.263582,598.915,0.233950545,756.7782135,4.180988069,110,,,55.57968807,756.7782135
534,52.816,0.26408,598.9494444,0.234344585,757.1200137,4.248481716,110,,,55.64718172,757.1200137
535,52.916,0.2645755,598.9977778,0.234736493,757.4779143,4.244562174,110,,,55.64326217,757.4779143
536,53.016,0.2650795,599.1427778,0.235134966,757.9632457,4.349614507,110,,,55.74831451,757.9632457
537,53.116,0.265583,599.2166667,0.235532886,758.3584267,4.364603523,110,,,55.76330352,758.3584267
538,53.216,0.2660835,599.2988889,0.235928277,758.7624348,4.401386915,110,,,55.80008691,758.7624348
539,53.316,0.2665795,599.3394444,0.23631996,759.1110539,4.394323125,110,,,55.79302313,759.1110539
540,53.416,0.2670775,599.3411111,0.236713068,759.4116367,4.428608347,110,,,55.82730835,759.4116367
541,53.516,0.267581,599.4727778,0.23711036,759.8803031,4.437179653,110,,,55.83587965,759.8803031
542,53.616,0.268082,599.5572222,0.237505523,760.2877215,4.456992721,110,,,55.85569272,760.2877215
543,53.716,0.268583,599.6294444,0.23790053,760.6797195,4.437653444,110,,,55.83635344,760.6797195
544,53.816,0.269081,599.6938889,0.238293016,761.0601202,4.47547056,110,,,55.87417056,761.0601202
545,53.916,0.2695765,599.7161111,0.23868338,761.3854813,4.526510746,110,,,55.92521075,761.3854813
546,54.016,0.2700775,599.855,0.239077922,761.8623388,4.536115777,110,,,55.93481578,761.8623388
547,54.116,0.270581,599.97,0.239474276,762.3104826,4.56402636,110,,,55.96272636,762.3104826
548,54.216,0.2710795,599.985,0.239866539,762.6286338,4.602446483,110,,,56.00114648,762.6286338
549,54.316,0.271583,600.0694444,0.240262581,763.0381044,4.622991773,110,,,56.02169177,763.0381044
550,54.416,0.272081,600.1094444,0.240654142,763.3878222,4.653228238,110,,,56.05192824,763.3878222
551,54.516,0.2725795,600.1861111,0.241045943,763.7845412,4.682129474,110,,,56.08082947,763.7845412
552,54.616,0.27308,600.3138889,0.241439161,764.2476057,4.737261489,110,,,56.13596149,764.2476057
553,54.716,0.2735785,600.3655556,0.241830655,764.6126637,4.751389068,110,,,56.15008907,764.6126637
554,54.816,0.2740795,600.4255556,0.242223957,764.9898916,4.760304949,110,,,56.15900495,764.9898916
555,54.916,0.2745775,600.535,0.242614751,765.428399,4.777792135,110,,,56.17649214,765.428399
556,55.016,0.275073,600.5755556,0.243003432,765.7776753,4.780505664,110,,,56.17920566,765.7776753
557,55.116,0.2755765,600.6861111,0.243398233,766.2210872,4.853986303,110,,,56.2526863,766.2210872
558,55.216,0.2760775,600.785,0.24379092,766.6482208,4.857518198,110,,,56.2562182,766.6482208
559,55.316,0.2765755,600.8522222,0.244181102,767.033226,4.926562433,110,,,56.32526243,767.033226
560,55.416,0.2770795,600.9361111,0.24457583,767.4431883,4.926863936,110,,,56.32556394,767.4431883
561,55.516,0.277572,600.9683333,0.244961402,767.7803156,4.934056941,110,,,56.33275694,767.7803156
562,55.616,0.278073,601.0572222,0.245353475,768.1950072,4.964724125,110,,,56.36342412,768.1950072
563,55.716,0.2785765,601.16,0.24574735,768.6290487,4.995219021,110,,,56.39391902,768.6290487
564,55.816,0.2790775,601.21,0.246139115,768.9941838,5.01050954,110,,,56.40920954,768.9941838
565,55.916,0.279581,601.2905556,0.246532681,769.3999704,5.10500926,110,,,56.50370926,769.3999704
566,56.016,0.2800795,601.3222222,0.246922185,769.7402496,5.103674032,110,,,56.50237403,769.7402496
567,56.116,0.2805775,601.3211111,0.247311148,770.0382852,5.099883706,110,,,56.49858371,770.0382852
568,56.216,0.281081,601.465,0.247704253,770.5253837,5.164233105,110,,,56.56293311,770.5253837
569,56.316,0.281582,601.5383333,0.248095252,770.9207003,5.147736572,110,,,56.54643657,770.9207003
570,56.416,0.282083,601.6133333,0.248486099,771.3182272,5.164233105,110,,,56.56293311,771.3182272
571,56.516,0.282581,601.6511111,0.248874454,771.6662837,5.216436232,110,,,56.61513623,771.6662837
572,56.616,0.2830765,601.685,0.24926071,772.0078839,5.248869363,110,,,56.64756936,772.0078839
573,56.716,0.28358,601.7872222,0.249653049,772.4420427,5.226127407,110,,,56.62482741,772.4420427
574,56.816,0.284081,601.8511111,0.250043287,772.8255766,5.202394797,110,,,56.6010948,772.8255766
575,56.916,0.2845765,601.8955556,0.250429092,773.1808861,5.273032692,110,,,56.67173269,773.1808861
576,57.016,0.28508,602.01,0.250820973,773.6310108,5.304992032,110,,,56.70369203,773.6310108
577,57.116,0.2855785,602.0866667,0.251208812,774.0296738,5.335874575,110,,,56.73457457,774.0296738
578,57.216,0.2860765,602.1311111,0.251596111,774.3866719,5.345436534,110,,,56.74413653,774.3866719
579,57.316,0.28658,602.2688889,0.251987535,774.8671071,5.408321489,110,,,56.80702149,774.8671071
580,57.416,0.2870785,602.2666667,0.252374921,775.1644779,5.429297498,110,,,56.8279975,775.1644779
581,57.516,0.2875795,602.3438889,0.252764099,775.5656433,5.395012275,110,,,56.79371228,775.5656433
582,57.616,0.28808,602.4111111,0.253152738,775.953704,5.416849722,110,,,56.81554972,775.953704
583,57.716,0.2885785,602.425,0.253539673,776.2719029,5.489770427,110,,,56.88847043,776.2719029
584,57.816,0.2890795,602.5027778,0.253928398,776.6739795,5.520868329,110,,,56.91956833,776.6739795
585,57.916,0.2895775,602.565,0.254314645,777.0542663,5.554378257,110,,,56.95307826,777.0542663
586,58.016,0.290081,602.6494444,0.254705007,777.4665979,5.540595253,110,,,56.93929525,777.4665979
587,58.116,0.290582,602.7533333,0.255093279,777.9026024,5.592410734,110,,,56.99111073,777.9026024
588,58.216,0.2910775,602.76,0.255477141,778.2098739,5.610199423,110,,,57.00889942,778.2098739
589,58.316,0.2915785,602.7905556,0.255865114,778.5513216,5.696127837,110,,,57.09482784,778.5513216
590,58.416,0.2920795,602.9127778,0.256252936,779.0112405,5.680966533,110,,,57.07966653,779.0112405
591,58.516,0.29258,602.9538889,0.256640221,779.3661377,5.703880777,110,,,57.10258078,779.3661377
592,58.616,0.2930835,603.055,0.257029676,779.8004701,5.75233665,110,,,57.15103665,779.8004701
593,58.716,0.2935765,603.0333333,0.257410863,780.0697487,5.731877504,110,,,57.1305775,780.0697487
594,58.816,0.2940775,603.1088889,0.257798086,780.4696432,5.778998148,110,,,57.17769815,780.4696432
595,58.916,0.294581,603.2422222,0.258187091,780.9459193,5.798337425,110,,,57.19703743,780.9459193
596,59.016,0.295082,603.2683333,0.258574014,781.2819597,5.850411337,110,,,57.24911134,781.2819597
597,59.116,0.295583,603.3261111,0.258960787,781.659053,5.904681914,110,,,57.30338191,781.659053
598,59.216,0.296081,603.34,0.259345096,781.9775105,5.879958651,110,,,57.27865865,781.9775105
599,59.316,0.2965765,603.3783333,0.259727329,782.3261676,5.920187793,110,,,57.31888779,782.3261676
600,59.416,0.29708,603.5288889,0.260115584,782.8252512,5.91165956,110,,,57.31035956,782.8252512
601,59.516,0.297581,603.6094444,0.260501762,783.2321465,5.956497394,110,,,57.35519739,783.2321465
602,59.616,0.2980795,603.6222222,0.260885864,783.5496324,5.940474652,110,,,57.33917465,783.5496324
603,59.716,0.29858,603.7155556,0.26127136,783.9729461,6.043545678,110,,,57.44224568,783.9729461
604,59.816,0.2990755,603.7316667,0.261652858,784.2930167,6.099926778,110,,,57.49862678,784.2930167
605,59.916,0.2995765,603.83,0.262038442,784.723278,6.109962527,110,,,57.50866253,784.723278
606,60.016,0.3000775,603.8555556,0.262423878,785.059021,6.128225008,110,,,57.52692501,785.059021
607,60.116,0.3005755,603.9111111,0.262806859,785.4319953,6.150407029,110,,,57.54910703,785.4319953
608,60.216,0.3010795,604.0616667,0.263194305,785.9322512,6.137786966,110,,,57.53648697,785.9322512
609,60.316,0.3015775,604.0855556,0.26357699,786.2641672,6.1221088,110,,,57.5208088,786.2641672
610,60.416,0.3020755,604.1183333,0.26395953,786.6076809,6.188956368,110,,,57.58765637,786.6076809
611,60.516,0.3025795,604.2233333,0.264346529,787.0489274,6.185166042,110,,,57.58386604,787.0489274
612,60.616,0.3030775,604.2527778,0.264728775,787.388199,6.230520739,110,,,57.62922074,787.388199
613,60.716,0.303581,604.3094444,0.265115093,787.7663099,6.260972563,110,,,57.65967256,787.7663099
614,60.816,0.3040795,604.3661111,0.265497428,788.141456,6.302838437,110,,,57.70153844,788.141456
615,60.916,0.3045775,604.3705556,0.265879234,788.4482284,6.32092863,110,,,57.71962863,788.4482284
616,61.016,0.3050785,604.4361111,0.266263192,788.8365732,6.324977387,110,,,57.72367739,788.8365732
617,61.116,0.3055795,604.5322222,0.266647004,789.2648764,6.34285222,110,,,57.74155222,789.2648764
618,61.216,0.3060775,604.6066667,0.267028371,789.6631637,6.38049705,110,,,57.77919705,789.6631637
619,61.316,0.306581,604.7083333,0.267413802,790.1004189,6.37115045,110,,,57.76985045,790.1004189
620,61.416,0.307074,604.72,0.267791051,790.4137893,6.428823707,110,,,57.82752371,790.4137893
621,61.516,0.3075775,604.8111111,0.268176189,790.8374006,6.434509196,110,,,57.8332092,790.8374006
622,61.616,0.308081,604.9044444,0.268561178,791.2640106,6.460955334,110,,,57.85965533,791.2640106
623,61.716,0.3085795,604.9344444,0.268942198,791.6048128,6.518714735,110,,,57.91741473,791.6048128
624,61.816,0.309083,604.9955556,0.269326892,791.9893969,6.494723694,110,,,57.89342369,791.9893969
625,61.916,0.309581,604.9827778,0.269707239,792.2739511,6.505190162,110,,,57.90389016,792.2739511
626,62.016,0.3100795,605.0366667,0.270087822,792.6461337,6.547012965,110,,,57.94571296,792.6461337
627,62.116,0.31058,605.1677778,0.270469787,793.1207862,6.628720334,110,,,58.02742033,793.1207862
628,62.216,0.3110785,605.2122222,0.270850081,793.4807325,6.63319981,110,,,58.03189981,793.4807325
629,62.316,0.3115795,605.2505556,0.271232136,793.834221,6.676228626,110,,,58.07492863,793.834221
630,62.416,0.31208,605.295,0.271613664,794.1954636,6.684972219,110,,,58.08367222,794.1954636
631,62.516,0.3125755,605.31,0.271991238,794.5150759,6.684067709,110,,,58.08276771,794.5150759
632,62.616,0.313079,605.3833333,0.272374761,794.916142,6.690657708,110,,,58.08935771,794.916142
633,62.716,0.31358,605.4538889,0.272756234,795.3121194,6.745746651,110,,,58.14444665,795.3121194
634,62.816,0.3140785,605.4772222,0.27313566,795.6446,6.739544299,110,,,58.1382443,795.6446
635,62.916,0.314582,605.5816667,0.273518744,796.0867585,6.822974545,110,,,58.22167454,796.0867585
636,63.016,0.3150775,605.5894444,0.273895599,796.3970526,6.818624284,110,,,58.21732428,796.3970526
637,63.116,0.3155785,605.6438889,0.274276493,796.7720789,6.827841668,110,,,58.22654167,796.7720789
638,63.216,0.316079,605.7144444,0.274656861,797.1680603,6.851272774,110,,,58.24997277,797.1680603
639,63.316,0.3165775,605.7577778,0.275035566,797.5270607,6.872679502,110,,,58.2713795,797.5270607
640,63.416,0.317081,605.8094444,0.275417924,797.9001089,6.941163802,110,,,58.3398638,797.9001089
641,63.516,0.317582,605.8772222,0.275798239,798.2929222,6.959426282,110,,,58.35812628,798.2929222
642,63.616,0.3180775,605.8733333,0.276174236,798.5880085,7.02442176,110,,,58.42312176,798.5880085
643,63.716,0.318581,605.9838889,0.276556158,799.0388422,7.021665159,110,,,58.42036516,799.0388422
644,63.816,0.319082,606.0472222,0.27693604,799.425982,7.021966662,110,,,58.42066666,799.425982
645,63.916,0.319583,606.1005556,0.277315778,799.7999894,7.047680579,110,,,58.44638058,799.7999894
646,64.01601,0.320081,606.14,0.277693098,800.1538973,7.0684843,110,,,58.4671843,800.1538973
647,64.116,0.3205765,606.1188889,0.278068384,800.4263609,7.098419262,110,,,58.49711926,800.4263609
648,64.216,0.32108,606.1977778,0.278449584,800.8357603,7.128483439,110,,,58.52718344,800.8357603
649,64.316,0.3215835,606.2961111,0.278830639,801.2709366,7.088168153,110,,,58.48686815,801.2709366
650,64.416,0.3220795,606.3022222,0.279205876,801.5797388,7.153637421,110,,,58.55233742,801.5797388
651,64.51601,0.322583,606.3555556,0.279586643,801.9555497,7.219149761,110,,,58.61784976,801.9555497
652,64.616,0.3230755,606.3738889,0.279958951,802.2784362,7.250118448,110,,,58.64881845,802.2784362
653,64.716,0.3235765,606.4694444,0.280337542,802.7087046,7.274884783,110,,,58.67358478,802.7087046
654,64.816,0.32408,606.5355556,0.280717879,803.1015984,7.330490589,110,,,58.72919059,803.1015984
655,64.916,0.3245785,606.5561111,0.281094296,803.4311838,7.29741138,110,,,58.69611138,803.4311838
656,65.01601,0.3250795,606.6255556,0.281472458,803.8270878,7.286815695,110,,,58.6855157,803.8270878
657,65.116,0.3255775,606.6477778,0.281848214,804.1586446,7.351251238,110,,,58.74995124,804.1586446
658,65.216,0.3260755,606.7016667,0.282223828,804.532216,7.373907051,110,,,58.77260705,804.532216
659,65.316,0.3265795,606.7816667,0.282603825,804.94412,7.357238231,110,,,58.75593823,804.94412
660,65.416,0.3270775,606.8338889,0.282979156,805.3156002,7.469612784,110,,,58.86831278,805.3156002
661,65.51601,0.3275755,606.8527778,0.283354346,805.6428799,7.468794418,110,,,58.86749442,805.6428799
662,65.61601,0.3280765,606.9388889,0.283731655,806.0612753,7.468191411,110,,,58.86689141,806.0612753
663,65.716,0.328572,606.9472222,0.284104681,806.3730849,7.514062971,110,,,58.91276297,806.3730849
664,65.816,0.3290755,607.0461111,0.284483588,806.8101136,7.494551406,110,,,58.89325141,806.8101136
665,65.916,0.3295765,607.095,0.28486047,807.1792453,7.565964595,110,,,58.96466459,807.1792453
666,66.01601,0.330075,607.1272222,0.285235332,807.5247401,7.579833743,110,,,58.97853374,807.5247401
667,66.11601,0.330581,607.2427778,0.285615689,807.9857025,7.595210406,110,,,58.99391041,807.9857025
668,66.216,0.331079,607.2288889,0.285989892,808.2696222,7.614851187,110,,,59.01355119,808.2696222
669,66.316,0.3315775,607.2616667,0.28636433,808.6159719,7.67609941,110,,,59.07479941,808.6159719
670,66.416,0.332081,607.3661111,0.286742381,809.0608567,7.716457768,110,,,59.11515777,809.0608567
671,66.51601,0.332579,607.3938889,0.287116162,809.4003411,7.700478098,110,,,59.0991781,809.4003411
672,66.61601,0.333083,607.4316667,0.287494305,809.7568285,7.777533704,110,,,59.1762337,809.7568285
673,66.716,0.333581,607.4261111,0.287867805,810.0519207,7.700908817,110,,,59.09960882,810.0519207
674,66.816,0.334074,607.3983333,0.288237418,810.3143241,7.809966835,110,,,59.20866683,810.3143241
675,66.916,0.3345775,607.5161111,0.288614762,810.7773328,7.787311022,110,,,59.18601102,810.7773328
676,67.01601,0.335081,607.61,0.288991964,811.2085664,7.886074859,110,,,59.28477486,811.2085664
677,67.11601,0.335579,607.6377778,0.289364906,811.5482556,7.884911918,110,,,59.28361192,811.5482556
678,67.216,0.33608,607.6644444,0.289739954,811.8883109,7.860274799,110,,,59.2589748,811.8883109
679,67.316,0.336573,607.6583333,0.290108875,812.1797216,7.86350519,110,,,59.26220519,812.1797216
680,67.416,0.3370765,607.7472222,0.290485514,812.6045288,7.962096739,110,,,59.36079674,812.6045288
681,67.51601,0.3375775,607.8427778,0.290860142,813.0368231,7.948486023,110,,,59.34718602,813.0368231
682,67.61601,0.3380755,607.8644444,0.291232388,813.3685204,7.964681053,110,,,59.36338105,813.3685204
683,67.716,0.338579,607.89,0.291608604,813.7087883,7.953783865,110,,,59.35248387,813.7087883
684,67.816,0.3390775,607.9194444,0.291980944,814.0512499,8.072016195,110,,,59.4707162,814.0512499
685,67.916,0.3395755,607.9716667,0.292352773,814.4239494,8.08674678,110,,,59.48544678,814.4239494
686,68.01601,0.340082,608.1055556,0.292730806,814.9113091,8.107895077,110,,,59.50659508,814.9113091
687,68.11601,0.3405775,608.1027778,0.293100491,815.2089016,8.112245337,110,,,59.51094534,815.2089016
688,68.216,0.341081,608.1305556,0.293476005,815.5523336,8.197527674,110,,,59.59622767,815.5523336
689,68.316,0.341582,608.1938889,0.293849515,815.9419738,8.167592712,110,,,59.56629271,815.9419738
690,68.416,0.3420775,608.1944444,0.294218787,816.2440795,8.144333893,110,,,59.54303389,816.2440795
691,68.51601,0.342581,608.2394444,0.294593881,816.6107216,8.207606495,110,,,59.6063065,816.6107216
692,68.61601,0.343082,608.2744444,0.294966973,816.9624574,8.228625576,110,,,59.62732558,816.9624574
693,68.716,0.343583,608.2894444,0.295339926,817.2873566,8.274927855,110,,,59.67362785,817.2873566
694,68.816,0.3440835,608.3994444,0.295712368,817.7396547,8.292888831,110,,,59.69158883,817.7396547
695,68.916,0.344579,608.3794444,0.296080953,818.014225,8.325192747,110,,,59.72389275,818.014225
696,69.01601,0.3450775,608.3988889,0.296451632,818.3436565,8.355816858,110,,,59.75451686,818.3436565
697,69.11601,0.345581,608.4866667,0.29682589,818.7680974,8.362406857,110,,,59.76110686,818.7680974
698,69.216,0.346079,608.5327778,0.297195922,819.133193,8.428392988,110,,,59.82709299,819.133193
699,69.316,0.346583,608.5972222,0.297570273,819.5266733,8.411379593,110,,,59.81007959,819.5266733
700,69.416,0.347081,608.5711111,0.297940029,819.7945809,8.43209717,110,,,59.83079717,819.7945809
701,69.51601,0.347574,608.5672222,0.298305939,820.0893659,8.440323901,110,,,59.8390239,820.0893659
702,69.61601,0.34808,608.6783333,0.298681358,820.5470876,8.520480682,110,,,59.91918068,820.5470876
703,69.716,0.348581,608.7422222,0.299052929,820.9381948,8.489598139,110,,,59.88829814,820.9381948
704,69.816,0.3490795,608.7822222,0.299422508,821.295616,8.490804152,110,,,59.88950415,821.295616
705,69.916,0.3495775,608.8122222,0.299791581,821.6392768,8.565921523,110,,,59.96462152,821.6392768
706,70.01601,0.350073,608.7983333,0.300158665,821.9221923,8.544945514,110,,,59.94364551,821.9221923
707,70.11601,0.3505765,608.9188889,0.300531538,822.3915417,8.585777663,110,,,59.98447766,822.3915417
708,70.216,0.3510775,608.9572222,0.300902422,822.7484014,8.636214843,110,,,60.03491484,822.7484014
709,70.316,0.3515755,608.9655556,0.301270949,823.0629252,8.659516733,110,,,60.05821673,823.0629252
710,70.416,0.3520765,609.0388889,0.301641559,823.4671693,8.702287117,110,,,60.10098712,823.4671693
711,70.51601,0.3525775,609.0777778,0.302012031,823.824898,8.746048154,110,,,60.14474815,823.824898
712,70.61601,0.3530755,609.09,0.30238015,824.1447563,8.778955076,110,,,60.17765508,824.1447563
713,70.716,0.3535765,609.1444444,0.302750349,824.5236051,8.792005858,110,,,60.19070586,824.5236051
714,70.816,0.3540775,609.1233333,0.303120411,824.8002004,8.8429599,110,,,60.2416599,824.8002004
715,70.916,0.354581,609.1944444,0.303492181,825.2032198,8.830684412,110,,,60.22938441,825.2032198
716,71.01601,0.355079,609.23,0.303859755,825.5547792,8.841710815,110,,,60.24041082,825.5547792
717,71.11601,0.3555775,609.2216667,0.304227563,825.8471838,8.857216695,110,,,60.25591669,825.8471838
718,71.216,0.356081,609.3083333,0.304598922,826.271454,8.879527932,110,,,60.27822793,826.271454
719,71.316,0.356579,609.3283333,0.30496609,826.6020211,8.925744067,110,,,60.32444407,826.6020211
720,71.416,0.357083,609.3505556,0.305337543,826.93928,8.935090666,110,,,60.33379067,826.93928
721,71.51601,0.357581,609.42,0.30570444,827.337013,8.955894388,110,,,60.35459439,827.337013
722,71.61601,0.3580765,609.4138889,0.30606936,827.6306813,8.937718051,110,,,60.33641805,827.6306813
723,71.716,0.3585775,609.4466667,0.306438196,827.9805288,9.028513589,110,,,60.42721359,827.9805288
724,71.816,0.359081,609.5138889,0.306808736,828.3787456,9.062411164,110,,,60.46111116,828.3787456
725,71.916,0.359579,609.5322222,0.307175093,828.7072092,9.037257182,110,,,60.43595718,828.7072092
726,72.01601,0.360083,609.6122222,0.307545727,829.12322,9.130292458,110,,,60.52899246,829.12322
727,72.11601,0.3605755,609.5983333,0.307907772,829.4045572,9.159839773,110,,,60.55853977,829.4045572
728,72.216,0.361074,609.6277778,0.308274094,829.748518,9.181806435,110,,,60.58050643,829.748518
729,72.316,0.36158,609.7533333,0.30864579,830.2279436,9.197527674,110,,,60.59622767,830.2279436
730,72.416,0.3620785,609.7705556,0.309011842,830.5553637,9.211741396,110,,,60.6104414,830.5553637
731,72.51601,0.362582,609.795,0.309381429,830.8956907,9.285006676,110,,,60.68370668,830.8956907
732,72.61601,0.3630775,609.7772222,0.309745011,831.1736116,9.315889219,110,,,60.71458922,831.1736116
733,72.716,0.3635755,609.7722222,0.310110294,831.4704628,9.363268295,110,,,60.76196829,831.4704628
734,72.816,0.364082,609.9105556,0.310481675,831.9680104,9.368996856,110,,,60.76769686,831.9680104
735,72.916,0.36458,609.905,0.310846689,832.2641649,9.409527501,110,,,60.8082275,832.2641649
736,73.01601,0.365081,609.885,0.311213768,832.5424257,9.398285739,110,,,60.79698574,832.5424257
737,73.11601,0.365579,609.9288889,0.311578515,832.9060822,9.416462075,110,,,60.81516208,832.9060822
738,73.216,0.3660775,609.9244444,0.311943495,833.2040603,9.451134944,110,,,60.84983494,833.2040603
739,73.316,0.366581,609.9977778,0.312312,833.6113732,9.517637938,110,,,60.91633794,833.6113732
740,73.416,0.367082,610.0261111,0.312678541,833.955716,9.58823276,110,,,60.98693276,833.955716
741,73.51601,0.3675775,609.9994444,0.313040926,834.2215152,9.592152302,110,,,60.9908523,834.2215152
742,73.61601,0.368081,610.0616667,0.313409028,834.613775,9.648791834,110,,,61.04749183,834.613775
743,73.716,0.368579,610.1088889,0.313772975,834.982213,9.669853986,110,,,61.06855399,834.982213
744,73.816,0.36908,610.1433333,0.314138981,835.3350348,9.679588233,110,,,61.07828823,835.3350348
745,73.916,0.369581,610.2088889,0.314504854,835.7305003,9.724081492,110,,,61.12278149,835.7305003
746,74.01601,0.370079,610.2111111,0.314868402,836.0374289,9.732265151,110,,,61.13096515,836.0374289
747,74.11601,0.370583,610.2755556,0.315236197,836.4333018,9.768747039,110,,,61.16744704,836.4333018
748,74.216,0.371081,610.265,0.31559948,836.7227465,9.759788086,110,,,61.15848809,836.7227465
749,74.316,0.3715765,610.2355556,0.315960808,836.9847475,9.823448335,110,,,61.22214834,836.9847475
750,74.416,0.37208,610.3072222,0.316327837,837.3903335,9.802041607,110,,,61.20074161,837.3903335
751,74.51601,0.372581,610.3783333,0.316692909,837.7937031,9.840547874,110,,,61.23924787,837.7937031
752,74.61601,0.373082,610.3861111,0.317057848,838.1101822,9.87582375,110,,,61.27452375,838.1101822
753,74.716,0.373583,610.4327778,0.317422654,838.4800862,9.927897661,110,,,61.32659766,838.4800862
754,74.816,0.374073,610.3683333,0.317779322,838.6906469,9.923030538,110,,,61.32173054,838.6906469
755,74.916,0.374574,610.4477778,0.318143865,839.1056437,9.969117457,110,,,61.36781746,839.1056437
756,75.01601,0.3750775,610.5244444,0.318510093,839.5184268,10.02851359,110,,,61.42721359,839.5184268
757,75.11601,0.3755785,610.5166667,0.31887437,839.8136006,10.08958952,110,,,61.48828952,839.8136006
758,75.216,0.376079,610.5594444,0.319238151,840.1780298,10.10225266,110,,,61.50095266,840.1780298
759,75.316,0.3765775,610.5316667,0.319600346,840.4441554,10.05569195,110,,,61.45439195,840.4441554
760,75.416,0.3770755,610.5583333,0.319962048,840.7849222,10.12275488,110,,,61.52145488,840.7849222
761,75.51601,0.3775765,610.6188889,0.320325796,841.1742318,10.09372443,110,,,61.49242443,841.1742318
762,75.61601,0.37808,610.6238889,0.320691226,841.4885688,10.12994788,110,,,61.52864788,841.4885688
763,75.716,0.378581,610.6461111,0.321054709,841.8251265,10.24128871,110,,,61.63998871,841.8251265
764,75.816,0.379079,610.6433333,0.321415885,842.1253975,10.26067106,110,,,61.65937106,842.1253975
765,75.916,0.3795775,610.6438889,0.321777293,842.4305696,10.26217858,110,,,61.66087858,842.4305696
766,76.01601,0.380081,610.7088889,0.322142193,842.8277341,10.31072059,110,,,61.70942059,842.8277341
767,76.11601,0.380582,610.7516667,0.322505149,843.1927575,10.38377051,110,,,61.78247051,843.1927575
768,76.216,0.3810775,610.72,0.322863992,843.4516508,10.39690744,110,,,61.79560744,843.4516508
769,76.316,0.381581,610.8111111,0.323228496,843.8850257,10.42921135,110,,,61.82791135,843.8850257
770,76.416,0.3820765,610.8194444,0.323587078,844.1991999,10.46534867,110,,,61.86404867,844.1991999
771,76.51601,0.3825775,610.8583333,0.323949511,844.5589874,10.42951286,110,,,61.82821286,844.5589874
772,76.61601,0.383081,610.9177778,0.324313619,844.948771,10.5192316,110,,,61.9179316,844.948771
773,76.716,0.3835765,610.8866667,0.324671813,845.2084362,10.56010682,110,,,61.95880682,845.2084362
774,76.816,0.384083,610.9722222,0.325037826,845.6362663,10.53624499,110,,,61.93494499,845.6362663
775,76.916,0.384581,610.9516667,0.325397567,845.9120696,10.61317138,110,,,62.01187138,845.9120696
776,77.01601,0.3850765,610.9438889,0.325755373,846.2040233,10.62316406,110,,,62.02186406,846.2040233
777,77.11601,0.38558,611.0027778,0.326118825,846.5932288,10.67635784,110,,,62.07505784,846.5932288
778,77.216,0.386081,611.0238889,0.326480341,846.9286029,10.70418228,110,,,62.10288228,846.9286029
779,77.316,0.386582,611.065,0.326841726,847.2917298,10.7274411,110,,,62.1261411,847.2917298
780,77.416,0.38708,611.0488889,0.327200818,847.5736928,10.7461343,110,,,62.1448343,847.5736928
781,77.51601,0.3875755,610.9833333,0.32755798,847.7855042,10.78528664,110,,,62.18398664,847.7855042
782,77.61601,0.388079,611.0288889,0.327920777,848.1563691,10.83046905,110,,,62.22916905,848.1563691
783,77.716,0.38858,611.0994444,0.328281642,848.5604666,10.82723866,110,,,62.22593866,848.5604666
784,77.816,0.389081,611.0888889,0.328642377,848.8519649,10.83563768,110,,,62.23433768,848.8519649
785,77.916,0.389582,611.1288889,0.329002982,849.2137037,10.89671362,110,,,62.29541362,849.2137037
786,78.01601,0.390075,611.1044444,0.329357703,849.4810106,10.96347504,110,,,62.36217504,849.4810106
787,78.11601,0.3905755,611.1483333,0.32971769,849.8478992,11.020373,110,,,62.419073,849.8478992
788,78.216,0.391082,611.2388889,0.330081862,850.283416,11.04423483,110,,,62.44293483,850.283416
789,78.316,0.39158,611.1988889,0.330439792,850.5321498,11.01438601,110,,,62.41308601,850.5321498
790,78.416,0.392081,611.2027778,0.33079975,850.8437741,11.10776586,110,,,62.50646586,850.8437741
791,78.51601,0.392579,611.2027778,0.331157424,851.1481531,11.09867769,110,,,62.49737769,851.1481531
792,78.61601,0.3930775,611.23,0.331515329,851.4907603,11.08170737,110,,,62.48040737,851.4907603
793,78.716,0.3935835,611.2733333,0.331878487,851.8604313,11.12172115,110,,,62.52042115,851.8604313
794,78.816,0.394082,611.2694444,0.332236134,852.1597297,11.14136193,110,,,62.54006193,852.1597297
795,78.916,0.39458,611.2661111,0.332593295,852.4594932,11.2178576,110,,,62.6165576,852.4594932
796,79.01601,0.395081,611.3294444,0.332952478,852.8540927,11.25946505,110,,,62.65816505,852.8540927
797,79.11601,0.395579,611.2744444,0.333309383,853.0817779,11.26545204,110,,,62.66415204,853.0817779
798,79.216,0.3960775,611.31,0.333666519,853.4361365,11.28569583,110,,,62.68439583,853.4361365
799,79.316,0.3965785,611.3216667,0.334025317,853.7586963,11.34418745,110,,,62.74288745,853.7586963
800,79.416,0.397079,611.33,0.334383628,854.0763051,11.39238489,110,,,62.79108489,854.0763051
801,79.51601,0.397583,611.39,0.334744316,854.4682704,11.43252789,110,,,62.83122789,854.4682704
802,79.61601,0.3980785,611.3416667,0.335098794,854.7036403,11.5140199,110,,,62.9127199,854.7036403
803,79.716,0.398574,611.3316667,0.335453146,854.9925744,11.476935,110,,,62.875635,854.9925744
804,79.816,0.3990775,611.3672222,0.335813091,855.3501248,11.55502434,110,,,62.95372434,855.3501248
805,79.916,0.3995785,611.4127778,0.33617112,855.7201784,11.51277081,110,,,62.91147081,855.7201784
806,80.01601,0.400082,611.4727778,0.336530806,856.1120297,11.55058793,110,,,62.94928793,856.1120297
807,80.11601,0.4005775,611.4227778,0.336884652,856.3449855,11.63190765,110,,,63.03060765,856.3449855
808,80.216,0.4010755,611.3566667,0.337240156,856.5568474,11.68570444,110,,,63.08440444,856.5568474
809,80.316,0.401579,611.4361111,0.337599458,856.9760132,11.70612052,110,,,63.10482052,856.9760132
810,80.416,0.4020775,611.4833333,0.337955065,857.3470233,11.68191411,110,,,63.08061411,857.3470233
811,80.51601,0.4025785,611.4755556,0.338312328,857.6424675,11.75543783,110,,,63.15413783,857.6424675
812,80.61601,0.4030765,611.5011111,0.338667326,857.9828387,11.8097084,110,,,63.2084084,857.9828387
813,80.716,0.403572,611.4611111,0.339020416,858.2296946,11.86406512,110,,,63.26276512,858.2296946
814,80.816,0.4040755,611.5177778,0.339379079,858.6171296,11.88370591,110,,,63.28240591,858.6171296
815,80.916,0.404579,611.5811111,0.339737614,859.0139855,11.95934014,110,,,63.35804014,859.0139855
816,81.01601,0.4050775,611.5422222,0.340092461,859.2642167,11.95774648,110,,,63.35644648,859.2642167
817,81.11601,0.405581,611.5627778,0.34045074,859.6010208,11.9878968,110,,,63.3865968,859.6010208
818,81.216,0.406079,611.5533333,0.34080498,859.8922994,12.05586424,110,,,63.45456424,859.8922994
819,81.316,0.4065775,611.5611111,0.341159449,860.2080988,12.06826894,110,,,63.46696894,860.2080988
820,81.416,0.407081,611.6205556,0.341517346,860.5996629,12.08799587,110,,,63.48669587,860.5996629
821,81.51601,0.407579,611.5916667,0.341871207,860.8635866,12.13434122,110,,,63.53304122,860.8635866
822,81.61601,0.408083,611.58,0.342229205,861.1554011,12.14614291,110,,,63.54484291,861.1554011
823,81.716,0.408581,611.6027778,0.342582815,861.4920523,12.1878365,110,,,63.5865365,861.4920523
824,81.816,0.409079,611.55,0.342936299,861.7222624,12.27535857,110,,,63.67405857,861.7222624
825,81.916,0.40958,611.5772222,0.343291788,862.0670209,12.31576,110,,,63.71446,862.0670209
826,82.01601,0.4100785,611.5916667,0.343645377,862.3922599,12.3715381,110,,,63.7702381,862.3922599
827,82.11601,0.410579,611.5783333,0.344000258,862.6795539,12.44381272,110,,,63.84251272,862.6795539
828,82.216,0.41108,611.6305556,0.344355369,863.0596443,12.44536331,110,,,63.84406331,863.0596443
829,82.316,0.4115755,611.5916667,0.344706456,863.3078127,12.47814102,110,,,63.87684102,863.3078127
830,82.416,0.4120765,611.5833333,0.345061316,863.6024528,12.52892277,110,,,63.92762277,863.6024528
831,82.51601,0.4125775,611.6155556,0.34541605,863.9543724,12.52547702,110,,,63.92417702,863.9543724
832,82.61601,0.4130755,611.6144444,0.345768535,864.2573869,12.56523237,110,,,63.96393237,864.2573869
833,82.716,0.413582,611.6611111,0.346126908,864.6331368,12.59305681,110,,,63.99175681,864.6331368
834,82.816,0.4140775,611.6255556,0.346477375,864.8859365,12.68105268,110,,,64.07975268,864.8859365
835,82.916,0.4145755,611.6022222,0.346829486,865.1575193,12.66593444,110,,,64.06463444,865.1575193
836,83.01601,0.415079,611.7072222,0.34718536,865.6140443,12.67373046,110,,,64.07243046,865.6140443
837,83.11601,0.4155775,611.6622222,0.347537575,865.8552794,12.74712495,110,,,64.14582495,865.8552794
838,83.216,0.416081,611.6505556,0.347893197,866.1467304,12.79777749,110,,,64.19647749,866.1467304
839,83.316,0.416582,611.6461111,0.348246928,866.4468714,12.82719559,110,,,64.22589559,866.4468714
840,83.416,0.4170775,611.595,0.348596652,866.6775136,12.87827885,110,,,64.27697885,866.6775136
841,83.51601,0.417581,611.5944444,0.348951898,866.9846642,12.90183917,110,,,64.30053917,866.9846642
842,83.61601,0.4180845,611.585,0.349307017,867.2792089,12.98031615,110,,,64.37901615,867.2792089
843,83.716,0.418583,611.5494444,0.349658486,867.5336455,13.01589353,110,,,64.41459353,867.5336455
844,83.816,0.4190835,611.5816667,0.350011241,867.8854521,13.0602145,110,,,64.4589145,867.8854521
845,83.916,0.419579,611.5461111,0.350360349,868.1380169,13.13882069,110,,,64.53752069,868.1380169
846,84.01601,0.4200775,611.5266667,0.350711448,868.41526,13.12029978,110,,,64.51899978,868.41526
847,84.11601,0.4205835,611.5672222,0.351067703,868.782305,13.17500108,110,,,64.57370108,868.782305
848,84.216,0.421079,611.5116667,0.351416442,869.0063878,13.25963733,110,,,64.65833733,869.0063878
849,84.316,0.42158,611.5288889,0.351768929,869.3372379,13.24361459,110,,,64.64231459,869.3372379
850,84.416,0.422081,611.5316667,0.352121292,869.6475641,13.33988026,110,,,64.73858026,869.6475641
851,84.51601,0.422579,611.4872222,0.352471422,869.8888811,13.31179739,110,,,64.71049739,869.8888811
852,84.61601,0.42308,611.4783333,0.352823537,870.1825866,13.35060516,110,,,64.74930516,870.1825866
853,84.716,0.4235785,611.4727778,0.353173772,870.4794998,13.4666839,110,,,64.8653839,870.4794998
854,84.816,0.424079,611.4816667,0.353525289,870.7982004,13.52250506,110,,,64.92120506,870.7982004
855,84.916,0.4245775,611.4794444,0.353875279,871.0998583,13.55541198,110,,,64.95411198,871.0998583
856,85.01601,0.425073,611.4255556,0.35422304,871.3260507,13.63065857,110,,,65.02935857,871.3260507
857,85.11601,0.425574,611.4477778,0.35457454,871.6640544,13.63513805,110,,,65.03383805,871.6640544
858,85.216,0.4260775,611.475,0.354927668,872.0107393,13.68660895,110,,,65.08530895,872.0107393
859,85.316,0.4265755,611.4477778,0.355276817,872.2764193,13.71417496,110,,,65.11287496,872.2764193
860,85.416,0.427079,611.4538889,0.355629698,872.5930043,13.70659431,110,,,65.10529431,872.5930043
861,85.51601,0.427572,611.3761111,0.355975099,872.7834177,13.81044063,110,,,65.20914063,872.7834177
862,85.61601,0.428073,611.365,0.356325983,873.0738496,13.87586682,110,,,65.27456682,873.0738496
863,85.716,0.428579,611.3883333,0.356680244,873.4165338,13.87224878,110,,,65.27094878,873.4165338
864,85.816,0.4290775,611.3611111,0.357029131,873.6824083,13.91674204,110,,,65.31544204,873.6824083
865,85.916,0.429581,611.3594444,0.357381394,873.9878459,13.96898824,110,,,65.36768824,873.9878459
866,86.01601,0.430079,611.2827778,0.357729688,874.1826636,14.02287117,110,,,65.42157117,874.1826636
867,86.11601,0.4305775,611.2244444,0.358078209,874.4039377,14.07223155,110,,,65.47093155,874.4039377
868,86.216,0.431081,611.26,0.358430103,874.7625721,14.15161304,110,,,65.55031304,874.7625721
869,86.316,0.431579,611.2222222,0.358778031,875.0128977,14.18296938,110,,,65.58166938,875.0128977
870,86.416,0.4320775,611.1505556,0.359126187,875.2149597,14.20816643,110,,,65.60686643,875.2149597
871,86.51601,0.4325785,611.135,0.359475967,875.4988616,14.22664427,110,,,65.62534427,875.4988616
872,86.61601,0.4330765,611.1,0.359823532,875.7530491,14.26928544,110,,,65.66798544,875.7530491
873,86.716,0.433583,611.1561111,0.360176905,876.1430112,14.35228496,110,,,65.75098496,876.1430112
874,86.816,0.434081,611.1394444,0.360524226,876.4234656,14.40229142,110,,,65.80099142,876.4234656
875,86.916,0.434579,611.0322222,0.360871426,876.5739943,14.46190292,110,,,65.86060292,876.5739943
876,87.01601,0.43508,611.0555556,0.361220597,876.9136067,14.53180859,110,,,65.93050859,876.9136067
877,87.11601,0.4355785,611.01,0.361567904,877.1528193,14.57931688,110,,,65.97801688,877.1528193
878,87.216,0.436074,610.9644444,0.361913001,877.3901536,14.69027006,110,,,66.08897006,877.3901536
879,87.316,0.43658,610.9611111,0.362265289,877.694513,14.73881208,110,,,66.13751208,877.694513
880,87.416,0.4370785,610.9077778,0.362612233,877.9224329,14.7640522,110,,,66.1627522,877.9224329
881,87.51601,0.437582,610.885,0.362962536,878.1972801,14.81780592,110,,,66.21650592,878.1972801
882,87.61601,0.43808,610.8244444,0.363308891,878.4144171,14.85984408,110,,,66.25854408,878.4144171
883,87.716,0.4385785,610.7172222,0.363655473,878.5646655,14.87233493,110,,,66.27103493,878.5646655
884,87.816,0.439082,610.6805556,0.36400541,878.8193953,14.95800491,110,,,66.35670491,878.8193953
885,87.916,0.43958,610.6461111,0.364351404,879.0739286,15.06964724,110,,,66.46834724,879.0739286
886,88.01601,0.440081,610.6188889,0.364699362,879.3406601,15.07666796,110,,,66.47536796,879.3406601
887,88.11601,0.440582,610.5772222,0.365047199,879.5865559,15.13330749,110,,,66.53200749,879.5865559
888,88.216,0.4410775,610.4383333,0.365391098,879.6889473,15.21268898,110,,,66.61138898,879.6889473
889,88.316,0.4415785,610.3938889,0.365738694,879.9307068,15.27083603,110,,,66.66953603,879.9307068
890,88.41601,0.442082,610.4138889,0.366087903,880.2668817,15.30606883,110,,,66.70476883,880.2668817
891,88.51601,0.4425825,610.3327778,0.36643491,880.4553844,15.42679933,110,,,66.82549933,880.4553844
892,88.61601,0.4430835,610.2461111,0.366782144,880.6360939,15.51806866,110,,,66.91676866,880.6360939
893,88.716,0.443579,610.1316667,0.367125447,880.7732612,15.56639531,110,,,66.96509531,880.7732612
894,88.816,0.44408,610.0855556,0.367472441,881.0123491,15.66231641,110,,,67.06101641,881.0123491
895,88.91601,0.4445835,610.0811111,0.367821045,881.3131068,15.68523065,110,,,67.08393065,881.3131068
896,89.01601,0.445079,609.99,0.368163991,881.4837392,15.73825214,110,,,67.13695214,881.4837392
897,89.11601,0.445583,609.8894444,0.3685127,881.6458128,15.79523625,110,,,67.19393625,881.6458128
898,89.216,0.446081,609.8105556,0.368857139,881.835458,15.85764741,110,,,67.25634741,881.835458
899,89.316,0.446574,609.6655556,0.369198002,881.9263414,15.89598139,110,,,67.29468139,881.9263414
900,89.41601,0.44708,609.67,0.369547733,882.2412636,15.97234785,110,,,67.37104785,882.2412636
901,89.51601,0.447581,609.5611111,0.369893887,882.3890828,16.09902227,110,,,67.49772227,882.3890828
902,89.61601,0.448079,609.4372222,0.37023785,882.5132433,16.16565448,110,,,67.56435448,882.5132433
903,89.716,0.4485775,609.3711111,0.37058204,882.7212807,16.25752681,110,,,67.65622681,882.7212807
904,89.816,0.449073,609.215,0.370924042,882.7970077,16.33561614,110,,,67.73431614,882.7970077
905,89.91601,0.449574,609.1394444,0.37126972,882.992701,16.37192574,110,,,67.77062574,882.992701
906,90.01601,0.45008,609.0911111,0.371618727,883.2308384,16.46181677,110,,,67.86051677,883.2308384
907,90.11601,0.4505755,608.9305556,0.371960374,883.2997451,16.54270578,110,,,67.94140578,883.2997451
908,90.216,0.451079,608.84,0.372307418,883.4749384,16.65955981,110,,,68.05825981,883.4749384
909,90.316,0.4515775,608.6688889,0.372650896,883.5300641,16.73872593,110,,,68.13742593,883.5300641
910,90.41601,0.452073,608.5177778,0.372992191,883.6122351,16.7907137,110,,,68.1894137,883.6122351
911,90.51601,0.452579,608.4427778,0.373340597,883.8112017,16.83266572,110,,,68.23136572,883.8112017
912,90.61601,0.4530775,608.3211111,0.373683721,883.9377193,16.91230564,110,,,68.31100564,883.9377193
913,90.716,0.453581,608.1538889,0.374030167,884.000938,17.02963346,110,,,68.42833346,884.000938
914,90.816,0.454079,608.0166667,0.374372711,884.1042667,17.15540337,110,,,68.55410337,884.1042667
915,90.91601,0.4545745,607.8105556,0.374713418,884.1057349,17.15906448,110,,,68.55776448,884.1057349
916,91.01601,0.455081,607.7144444,0.375061569,884.2737415,17.21126761,110,,,68.60996761,884.2737415
917,91.11601,0.455582,607.5916667,0.375405821,884.3994934,17.33255804,110,,,68.73125804,884.3994934
918,91.216,0.45608,607.4066667,0.375747893,884.4326992,17.43257096,110,,,68.83127096,884.4326992
919,91.316,0.456581,607.2416667,0.376091909,884.4966741,17.49898781,110,,,68.89768781,884.4966741
920,91.41601,0.4570765,607.0338889,0.376432031,884.4948142,17.60322178,110,,,69.00192178,884.4948142
921,91.51601,0.4575775,606.91,0.376775811,884.6183605,17.71443339,110,,,69.11313339,884.6183605
922,91.61601,0.458081,606.7783333,0.377121188,884.731959,17.7959254,110,,,69.1946254,884.731959
923,91.716,0.458579,606.5677778,0.377462674,884.7270227,17.89210492,110,,,69.29080492,884.7270227
924,91.816,0.4590825,606.3672222,0.377807814,884.7398025,17.91458845,110,,,69.31328845,884.7398025
925,91.91601,0.459581,606.1411111,0.378149408,884.7120491,17.97833484,110,,,69.37703484,884.7120491
926,92.01601,0.460079,605.9194444,0.378490544,884.6902565,18.07933842,110,,,69.47803842,884.6902565
927,92.11601,0.46058,605.7555556,0.378833617,884.7544493,18.17823147,110,,,69.57693147,884.7544493
928,92.216,0.461078,605.5083333,0.379174519,884.6949047,18.27191282,110,,,69.67061282,884.6949047
929,92.316,0.461579,605.2411111,0.379517358,884.6076979,18.36133006,110,,,69.76003006,884.6076979
930,92.41601,0.46208,605.0388889,0.379860079,884.6152587,18.45414998,110,,,69.85284998,884.6152587
931,92.51601,0.4625755,604.7372222,0.380198923,884.4738452,18.53107637,110,,,69.92977637,884.4738452
932,92.61601,0.463079,604.5144444,0.380543119,884.4523889,18.57694793,110,,,69.97564793,884.4523889
933,92.716,0.46358,604.2594444,0.380885489,884.3820377,18.68669509,110,,,70.08539509,884.3820377
934,92.816,0.4640785,603.9805556,0.381226034,884.2749458,18.75414567,110,,,70.15284567,884.2749458
935,92.91601,0.464582,603.7338889,0.381569878,884.2177865,18.86660637,110,,,70.26530637,884.2177865
936,93.01601,0.4650775,603.3961111,0.381908142,884.022066,18.97036654,110,,,70.36906654,884.022066
937,93.11601,0.4655755,603.0888889,0.382247998,883.8722999,19.04802515,110,,,70.44672515,883.8722999
938,93.216,0.466079,602.8105556,0.38259149,883.7678965,19.12064436,110,,,70.51934436,883.7678965
939,93.316,0.4665775,602.4894444,0.382931455,883.5974632,19.14851187,110,,,70.54721187,883.5974632
940,93.41601,0.4670835,602.2361111,0.383276416,883.5306617,19.2095878,110,,,70.6082878,883.5306617
941,93.51601,0.467582,601.8144444,0.383616149,883.212046,19.38489038,110,,,70.78359038,883.212046
942,93.61601,0.4680775,601.3794444,0.383953722,882.8716314,19.43911789,110,,,70.83781789,882.8716314
943,93.716,0.468581,601.0972222,0.384296628,882.7599597,19.5406814,110,,,70.9393814,882.7599597
944,93.816,0.469082,600.7416667,0.384637716,882.5387692,19.61618642,110,,,71.01488642,882.5387692
945,93.91601,0.4695825,600.3127778,0.384978347,882.2091527,19.7007796,110,,,71.0994796,882.2091527
946,94.01601,0.470081,599.8938889,0.385317501,881.8926081,19.82805703,110,,,71.22675703,881.8926081
947,94.11601,0.4705765,599.4366667,0.385654501,881.5174752,19.90705087,110,,,71.30575087,881.5174752
948,94.216,0.47108,599.0772222,0.385996825,881.2905201,19.98134987,110,,,71.38004987,881.2905201
949,94.316,0.471581,598.6577778,0.386337333,880.9734113,19.97725804,110,,,71.37595804,880.9734113
950,94.41601,0.472079,598.1561111,0.386675687,880.5330499,20.02618771,110,,,71.42488771,880.5330499
951,94.51601,0.4725825,597.7,0.387017662,880.1625603,20.09936684,110,,,71.49806684,880.1625603
952,94.61601,0.4730785,597.1716667,0.387354429,879.680743,20.23280355,110,,,71.63150355,879.680743
953,94.716,0.473579,596.7238889,0.387694136,879.3197915,20.3002972,110,,,71.6989972,879.3197915
954,94.816,0.47408,596.2611111,0.388034066,878.9365787,20.3680062,110,,,71.7667062,878.9365787
955,94.91601,0.4745755,595.7066667,0.388370152,878.4144559,20.46241978,110,,,71.86111978,878.4144559
956,95.01601,0.475079,595.1755556,0.388711548,877.9309633,20.49347461,110,,,71.89217461,877.9309633
957,95.11601,0.4755775,594.595,0.389049439,877.3710036,20.57910152,110,,,71.97780152,877.3710036
958,95.216,0.4760755,593.9577778,0.389386877,876.7265238,20.61778007,110,,,72.01648007,876.7265238
959,95.316,0.4765765,593.3916667,0.389726233,876.1881903,20.64913641,110,,,72.04783641,876.1881903
960,95.41601,0.4770745,592.8122222,0.390063442,875.6278167,20.68514451,110,,,72.08384451,875.6278167
961,95.51601,0.4775755,592.2161111,0.390402569,875.0440165,20.75819443,110,,,72.15689443,875.0440165
962,95.61601,0.478079,591.6027778,0.390743272,874.4356422,20.80893311,110,,,72.20763311,874.4356422
963,95.716,0.4785745,590.8588889,0.391078448,873.6288862,20.85850885,110,,,72.25720885,873.6288862
964,95.816,0.479073,590.155,0.39141554,872.8823263,20.92781152,110,,,72.32651152,872.8823263
965,95.91601,0.4795765,589.4883333,0.391755898,872.193085,21.00111987,110,,,72.39981987,872.193085
966,96.01601,0.4800775,588.7716667,0.392094451,871.4276965,21.07304992,110,,,72.47174992,871.4276965
967,96.11601,0.480581,588.0527778,0.392434578,870.6597698,21.10763665,110,,,72.50633665,870.6597698
968,96.216,0.481079,587.1933333,0.392770876,869.6797149,21.19179911,110,,,72.59049911,869.6797149
969,96.316,0.4815775,586.3905556,0.393107399,868.7830533,21.19524486,110,,,72.59394486,868.7830533
970,96.41601,0.482081,585.735,0.393447181,868.1067145,21.23090839,110,,,72.62960839,868.1067145
971,96.51601,0.482582,584.8477778,0.393785162,867.0847881,21.25089374,110,,,72.64959374,867.0847881
972,96.61601,0.4830825,583.9166667,0.394122692,865.9965898,21.32691562,110,,,72.72561562,865.9965898
973,96.716,0.483581,583.0033333,0.39445876,864.9326683,21.33492699,110,,,72.73362699,864.9326683
974,96.816,0.484079,582.13,0.394794378,863.9269083,21.40035319,110,,,72.79905319,863.9269083
975,96.91601,0.4845825,581.2888889,0.395133588,862.9713119,21.38984365,110,,,72.78854365,862.9713119
976,97.01601,0.485081,580.2916667,0.395469316,861.7801286,21.45087651,110,,,72.84957651,861.7801286
977,97.11601,0.485579,579.2583333,0.395804595,860.5340156,-42.09609338,110,,,9.30260662,860.5340156
978,97.216,0.48608,578.2777778,0.396141781,859.36704,-42.20041349,110,,,9.19828651,859.36704
979,97.316,0.4865755,577.1977778,0.396475153,858.0480751,-42.09949606,110,,,9.299203941,858.0480751
980,97.41601,0.4870765,576.1416667,0.396812112,856.7667332,-41.96127837,110,,,9.437421626,856.7667332
981,97.51601,0.4875775,575.0005556,0.397148958,855.3578889,-41.78916311,110,,,9.609536887,855.3578889
982,97.61601,0.4880755,573.6855556,0.397483674,853.6874199,-41.87728819,110,,,9.521411806,853.6874199
