DataNo,FrameNo,SampleNo,Ch0,Ch1
0,0,0,-0.001221,-0.010986
1,1,0,0.010071,-0.00946
2,2,0,0.00061,-0.00061
3,3,0,-0.010376,-0.009766
4,4,0,0.00885,-0.018921
5,5,0,0.004883,-0.014954
6,6,0,0.005798,-0.013123
7,7,0,-0.014954,-0.012817
8,8,0,-0.006104,-0.011597
9,9,0,0.004272,-0.011902
10,10,0,0.016479,-0.011292
11,11,0,0.004578,-0.010681
12,12,0,-0.009766,-0.005493
13,13,0,0.00946,-0.013123
14,14,0,0.000305,-0.007629
15,15,0,0.012512,-0.012207
16,16,0,0.01709,-0.018921
17,17,0,0.003052,-0.015564
18,18,0,0.005493,-0.009155
19,19,0,0.025635,-0.011902
20,20,0,-0.006409,-0.006104
21,21,0,-0.019531,-0.005188
22,22,0,0.007935,-0.018311
23,23,0,0.004883,-0.012817
24,24,0,0.00061,-0.00885
25,25,0,0.005798,-0.010681
26,26,0,0.007019,-0.014648
27,27,0,-0.00061,-0.007019
28,28,0,0.029907,-0.012207
29,29,0,0.001221,-0.011902
30,30,0,0.003357,-0.009155
31,31,0,0.011292,-0.014038
32,32,0,0.015259,-0.012207
33,33,0,0.003967,-0.014648
34,34,0,0.006409,-0.007019
35,35,0,0.00824,-0.007324
36,36,0,0.024414,-0.011292
37,37,0,0.012512,-0.013428
38,38,0,0.009155,-0.002441
39,39,0,-0.005188,-0.010681
40,40,0,0.003357,-0.00946
41,41,0,0.036011,-0.015259
42,42,0,0.016785,-0.015869
43,43,0,0.00885,-0.008545
44,44,0,0.026855,-0.015259
45,45,0,0.006409,-0.012207
46,46,0,-0.032043,-0.007935
47,47,0,0.015869,-0.012817
48,48,0,-0.018005,-0.009766
49,49,0,0.005188,-0.018311
50,50,0,0.009766,-0.010376
51,51,0,0.013428,-0.014648
52,52,0,0.009766,-0.014038
53,53,0,-0.018921,-0.011902
54,54,0,0.014038,-0.013733
55,55,0,-0.007324,-0.011902
56,56,0,0.013123,-0.021667
57,57,0,-0.00061,-0.006104
58,58,0,0.012512,-0.009155
59,59,0,0.006714,-0.003662
60,60,0,-0.011597,-0.015869
61,61,0,0.014343,-0.013428
62,62,0,0.010071,-0.015564
63,63,0,0.037231,-0.011597
64,64,0,0.01709,-0.013428
65,65,0,0,-0.005798
66,66,0,0.038452,-0.010376
67,67,0,0.019226,-0.011597
68,68,0,0.024414,-0.00946
69,69,0,0.019226,-0.018921
70,70,0,0.011597,-0.011597
71,71,0,0.000305,-0.00946
72,72,0,0.02594,-0.013733
73,73,0,0.016785,-0.009766
74,74,0,-0.003967,-0.012207
75,75,0,0.003052,-0.014343
76,76,0,0,-0.014038
77,77,0,0.007324,-0.009766
78,78,0,0.011597,-0.010376
79,79,0,0.016785,-0.012817
80,80,0,-0.01709,-0.012817
81,81,0,-0.020752,-0.010376
82,82,0,0.006104,-0.004578
83,83,0,0.010071,-0.011902
84,84,0,0.00061,-0.010986
85,85,0,-0.001221,-0.012207
86,86,0,0.003967,-0.010681
87,87,0,0.01709,-0.018311
88,88,0,-0.00061,-0.010071
89,89,0,0.007935,-0.00946
90,90,0,0.016785,-0.01709
91,91,0,0.003052,-0.010986
92,92,0,0.027771,-0.008545
93,93,0,-0.012817,-0.014038
94,94,0,-0.001221,-0.00885
95,95,0,0.016785,-0.005798
96,96,0,-0.007935,-0.010681
97,97,0,-0.004272,-0.019836
98,98,0,-0.004578,-0.007935
99,99,0,0.014038,-0.008545
100,100,0,0.019226,-0.012817
101,101,0,0.014648,-0.012817
102,102,0,-0.005188,-0.018311
103,103,0,0.018921,-0.011597
104,104,0,0.002747,-0.012512
105,105,0,0.001526,-0.014954
106,106,0,0.00061,-0.011902
107,107,0,-0.010681,-0.016785
108,108,0,0.015564,-0.013123
109,109,0,0.004578,-0.011292
110,110,0,-0.009766,-0.011292
111,111,0,0.01709,-0.021057
112,112,0,0,-0.021667
113,113,0,0.02655,-0.014343
114,114,0,0,-0.006409
115,115,0,0.007019,-0.022583
116,116,0,-0.045166,-0.008545
117,117,0,0.005798,-0.015869
118,118,0,0.012817,-0.008545
119,119,0,-0.000305,-0.011597
120,120,0,0.01709,-0.011597
121,121,0,0.024414,-0.013428
122,122,0,0.002136,-0.012207
123,123,0,0.018005,-0.009766
124,124,0,0.021667,-0.009766
125,125,0,0.015564,-0.016479
126,126,0,0.004883,-0.001526
127,127,0,-0.004272,-0.006104
128,128,0,0.040588,-0.011902
129,129,0,0.016479,-0.016479
130,130,0,0.018311,-0.016785
131,131,0,0.024109,-0.014038
132,132,0,0.018005,-0.001526
133,133,0,0.019226,-0.006714
134,134,0,0.014343,-0.016174
135,135,0,-0.011597,-0.009766
136,136,0,0.042114,-0.011902
137,137,0,0.019836,-0.010986
138,138,0,0.01709,-0.013428
139,139,0,0.025635,-0.00824
140,140,0,0.023804,-0.013123
141,141,0,0.024109,-0.021667
142,142,0,0.045776,-0.012207
143,143,0,0.05127,-0.014038
144,144,0,0.022583,-0.013428
145,145,0,0.030518,-0.014954
146,146,0,0.023499,-0.011902
147,147,0,0.042725,-0.006409
148,148,0,0.025024,-0.011292
149,149,0,-0.003052,-0.007019
150,150,0,0.006104,-0.011902
151,151,0,0.053101,-0.012207
152,152,0,0.039063,-0.011597
153,153,0,0.037537,-0.014343
154,154,0,0.038757,-0.011292
155,155,0,0.05188,-0.013428
156,156,0,0.035706,-0.014954
157,157,0,0.040894,-0.012817
158,158,0,0.040283,-0.00824
159,159,0,0.041809,-0.0177
160,160,0,0.042114,-0.025024
161,161,0,0.042114,-0.013428
162,162,0,0.036011,-0.012512
163,163,0,0.048523,-0.013428
164,164,0,0.052795,-0.013123
165,165,0,0.047607,-0.010376
166,166,0,0.034485,-0.012207
167,167,0,0.044556,-0.011902
168,168,0,0.054932,-0.012512
169,169,0,0.021362,-0.010376
170,170,0,0.047302,-0.012512
171,171,0,0.047607,-0.007935
172,172,0,0.049438,-0.013428
173,173,0,0.054321,-0.007935
174,174,0,0.052795,-0.011902
175,175,0,0.068054,-0.013428
176,176,0,0.079651,-0.010376
177,177,0,0.037842,-0.00946
178,178,0,0.071106,-0.013123
179,179,0,0.056763,-0.012207
180,180,0,0.060425,-0.012512
181,181,0,0.059204,-0.011597
182,182,0,0.06012,-0.010376
183,183,0,0.045166,-0.013428
184,184,0,0.061951,-0.016174
185,185,0,0.047913,-0.014038
186,186,0,0.037842,-0.010376
187,187,0,0.055237,-0.011902
188,188,0,0.028076,-0.00824
189,189,0,0.040894,-0.010986
190,190,0,0.063171,-0.016174
191,191,0,0.062256,-0.007935
192,192,0,0.042114,-0.010071
193,193,0,0.06897,-0.012207
194,194,0,0.06073,-0.010376
195,195,0,0.07019,-0.013428
196,196,0,0.101013,-0.014343
197,197,0,0.067749,-0.011902
198,198,0,0.078125,-0.012512
199,199,0,0.081482,-0.010986
200,200,0,0.090637,-0.014954
201,201,0,0.058594,-0.011292
202,202,0,0.080261,-0.015259
203,203,0,0.071716,-0.00885
204,204,0,0.08667,-0.015564
205,205,0,0.087585,-0.013733
206,206,0,0.073547,-0.011902
207,207,0,0.073547,-0.015259
208,208,0,0.074463,-0.014038
209,209,0,0.078735,-0.025024
210,210,0,0.085754,-0.012817
211,211,0,0.091858,-0.014648
212,212,0,0.082397,-0.011292
213,213,0,0.080872,-0.007935
214,214,0,0.076294,-0.009766
215,215,0,0.084839,-0.020142
216,216,0,0.057373,-0.010376
217,217,0,0.090027,-0.00885
218,218,0,0.082397,-0.02533
219,219,0,0.111084,-0.013428
220,220,0,0.081787,-0.010071
221,221,0,0.088806,-0.007019
222,222,0,0.090942,-0.014343
223,223,0,0.099487,-0.012512
224,224,0,0.090027,-0.014343
225,225,0,0.088501,-0.014343
226,226,0,0.086365,-0.013733
227,227,0,0.081177,-0.014038
228,228,0,0.083008,-0.011597
229,229,0,0.093994,-0.014648
230,230,0,0.099182,-0.010071
231,231,0,0.093079,-0.015259
232,232,0,0.101318,-0.013733
233,233,0,0.076904,-0.007935
234,234,0,0.055847,-0.011902
235,235,0,0.105896,-0.010986
236,236,0,0.097656,-0.017395
237,237,0,0.087585,-0.014343
238,238,0,0.096436,-0.007629
239,239,0,0.098877,-0.010681
240,240,0,0.112915,-0.010986
241,241,0,0.102844,-0.014648
242,242,0,0.086365,-0.012207
243,243,0,0.096741,-0.008545
244,244,0,0.102539,-0.008545
245,245,0,0.101624,-0.010376
246,246,0,0.123291,-0.012512
247,247,0,0.114746,-0.014343
248,248,0,0.109558,-0.00885
249,249,0,0.106506,-0.006104
250,250,0,0.113831,-0.013428
251,251,0,0.115967,-0.00885
252,252,0,0.108337,-0.011292
253,253,0,0.104675,-0.013428
254,254,0,0.12085,-0.018005
255,255,0,0.110168,-0.020142
256,256,0,0.118408,-0.010986
257,257,0,0.117798,-0.011902
258,258,0,0.115967,-0.012512
259,259,0,0.124817,-0.011292
260,260,0,0.098877,-0.008545
261,261,0,0.114746,-0.011902
262,262,0,0.116577,-0.016785
263,263,0,0.113831,-0.012512
264,264,0,0.118103,-0.007629
265,265,0,0.09552,-0.013428
266,266,0,0.120239,-0.013428
267,267,0,0.120544,-0.012207
268,268,0,0.130005,-0.001831
269,269,0,0.121765,-0.003662
270,270,0,0.113831,-0.010071
271,271,0,0.115662,-0.011597
272,272,0,0.131531,-0.003662
273,273,0,0.126343,-0.007324
274,274,0,0.135498,-0.014954
275,275,0,0.132141,-0.013123
276,276,0,0.117798,-0.011597
277,277,0,0.13855,-0.011597
278,278,0,0.13031,-0.012512
279,279,0,0.130615,-0.00824
280,280,0,0.12085,-0.010376
281,281,0,0.130615,-0.009155
282,282,0,0.128784,-0.009155
283,283,0,0.136108,-0.009155
284,284,0,0.131836,-0.021362
285,285,0,0.127258,-0.011597
286,286,0,0.147705,-0.012817
287,287,0,0.144348,-0.012817
288,288,0,0.137634,-0.009766
289,289,0,0.133057,-0.007935
290,290,0,0.129395,-0.013428
291,291,0,0.139771,-0.007935
292,292,0,0.147095,-0.013428
293,293,0,0.132141,-0.018921
294,294,0,0.140991,-0.010986
295,295,0,0.145569,-0.005188
296,296,0,0.143433,-0.011902
297,297,0,0.128174,-0.011597
298,298,0,0.154419,-0.012512
299,299,0,0.144958,-0.013428
300,300,0,0.144653,-0.013123
301,301,0,0.148315,-0.010986
302,302,0,0.123291,-0.010681
303,303,0,0.166626,-0.012512
304,304,0,0.141296,-0.016785
305,305,0,0.137939,-0.011597
306,306,0,0.160217,-0.011292
307,307,0,0.15686,-0.014648
308,308,0,0.139771,-0.005493
309,309,0,0.123291,-0.005798
310,310,0,0.12207,-0.011597
311,311,0,0.1474,-0.014343
312,312,0,0.158386,-0.02655
313,313,0,0.148315,-0.009766
314,314,0,0.168152,-0.013733
315,315,0,0.137634,-0.010986
316,316,0,0.16449,-0.013428
317,317,0,0.172729,-0.007935
318,318,0,0.158386,-0.010376
319,319,0,0.1651,-0.012817
320,320,0,0.13916,-0.005493
321,321,0,0.150146,-0.001831
322,322,0,0.154419,-0.011597
323,323,0,0.178833,-0.01709
324,324,0,0.177307,-0.013428
325,325,0,0.159302,-0.007629
326,326,0,0.149841,-0.006104
327,327,0,0.158691,-0.014343
328,328,0,0.158997,-0.010071
329,329,0,0.15686,-0.011902
330,330,0,0.184631,-0.007629
331,331,0,0.182495,-0.013428
332,332,0,0.176697,-0.014038
333,333,0,0.161133,-0.003357
334,334,0,0.174561,-0.00946
335,335,0,0.152588,-0.001221
336,336,0,0.197449,-0.014038
337,337,0,0.180359,-0.009155
338,338,0,0.166931,-0.004883
339,339,0,0.184631,-0.016785
340,340,0,0.162048,-0.005493
341,341,0,0.185852,-0.0177
342,342,0,0.187073,-0.016785
343,343,0,0.181274,-0.010986
344,344,0,0.162964,-0.00824
345,345,0,0.159912,-0.011902
346,346,0,0.191345,-0.000305
347,347,0,0.180054,-0.016174
348,348,0,0.188599,0
349,349,0,0.185547,-0.017395
350,350,0,0.124207,-0.006409
351,351,0,0.183411,-0.011292
352,352,0,0.199585,-0.012512
353,353,0,0.195313,-0.009155
354,354,0,0.181274,-0.014038
355,355,0,0.175476,-0.00885
356,356,0,0.190735,-0.012512
357,357,0,0.198669,-0.007935
358,358,0,0.167847,-0.012512
359,359,0,0.185852,-0.018005
360,360,0,0.187683,-0.009155
361,361,0,0.188599,-0.005493
362,362,0,0.192566,-0.013123
363,363,0,0.186768,-0.015259
364,364,0,0.190735,-0.013123
365,365,0,0.188599,-0.009766
366,366,0,0.187683,-0.016479
367,367,0,0.191345,-0.003357
368,368,0,0.204163,-0.014038
369,369,0,0.201416,-0.016174
370,370,0,0.18158,-0.007935
371,371,0,0.197449,-0.003662
372,372,0,0.19104,-0.009155
373,373,0,0.220947,-0.012817
374,374,0,0.19043,-0.009766
375,375,0,0.211487,-0.011292
376,376,0,0.181885,-0.007324
377,377,0,0.179138,-0.009766
378,378,0,0.162659,-0.00885
379,379,0,0.202332,-0.006104
380,380,0,0.20752,-0.010986
381,381,0,0.202637,-0.014343
382,382,0,0.202637,-0.007324
383,383,0,0.189514,-0.010071
384,384,0,0.18219,-0.009766
385,385,0,0.187683,-0.010986
386,386,0,0.202942,-0.007324
387,387,0,0.198364,-0.006714
388,388,0,0.214233,-0.010681
389,389,0,0.195923,-0.008545
390,390,0,0.205688,-0.007019
391,391,0,0.226135,-0.010986
392,392,0,0.219421,-0.014038
393,393,0,0.211487,-0.00824
394,394,0,0.213013,-0.009766
395,395,0,0.206299,-0.012817
396,396,0,0.207825,-0.011292
397,397,0,0.21759,-0.008545
398,398,0,0.213928,-0.018921
399,399,0,0.217285,-0.007935
400,400,0,0.217896,-0.013428
401,401,0,0.207214,-0.010376
402,402,0,0.210571,0.000305
403,403,0,0.195313,-0.009766
404,404,0,0.211182,-0.011597
405,405,0,0.222168,-0.00946
406,406,0,0.22583,-0.010681
407,407,0,0.216064,-0.009766
408,408,0,0.231934,-0.00885
409,409,0,0.220947,-0.009766
410,410,0,0.221863,-0.009766
411,411,0,0.263672,-0.010071
412,412,0,0.227966,-0.007935
413,413,0,0.206299,-0.00885
414,414,0,0.229492,-0.00946
415,415,0,0.262146,-0.009766
416,416,0,0.228577,0.002136
417,417,0,0.230408,-0.006104
418,418,0,0.233459,-0.00946
419,419,0,0.230103,-0.014038
420,420,0,0.23407,-0.010986
421,421,0,0.229492,-0.011902
422,422,0,0.238953,0.001221
423,423,0,0.235901,-0.018005
424,424,0,0.223389,-0.010376
425,425,0,0.26062,-0.014648
426,426,0,0.246887,-0.010376
427,427,0,0.233459,-0.00824
428,428,0,0.223999,-0.016479
429,429,0,0.24353,-0.021973
430,430,0,0.234375,-0.010071
431,431,0,0.241699,-0.011902
432,432,0,0.231628,-0.011597
433,433,0,0.225525,-0.018311
434,434,0,0.244751,-0.009766
435,435,0,0.245667,-0.012207
436,436,0,0.249329,-0.013123
437,437,0,0.240479,-0.00885
438,438,0,0.246277,-0.002136
439,439,0,0.238647,-0.005188
440,440,0,0.248413,-0.011902
441,441,0,0.254517,-0.005188
442,442,0,0.233154,-0.009155
443,443,0,0.248718,-0.006409
444,444,0,0.247498,-0.019836
445,445,0,0.246887,-0.010681
446,446,0,0.261536,-0.011597
447,447,0,0.232544,-0.011292
448,448,0,0.239868,-0.009766
449,449,0,0.249634,-0.010376
450,450,0,0.249939,-0.011292
451,451,0,0.257263,0.001526
452,452,0,0.245056,-0.014038
453,453,0,0.256348,-0.010071
454,454,0,0.250244,-0.006714
455,455,0,0.116882,-0.011292
456,456,0,0.12146,-0.011902
457,457,0,0.094604,-0.010986
458,458,0,0.112,-0.006104
459,459,0,0.103455,-0.00946
460,460,0,0.103455,-0.015259
461,461,0,0.103149,-0.007629
462,462,0,0.102539,-0.011597
463,463,0,0.111084,-0.010376
464,464,0,0.12207,-0.00946
465,465,0,0.111389,-0.015869
466,466,0,0.113831,-0.021362
467,467,0,0.106506,-0.005188
468,468,0,0.079041,-0.010376
469,469,0,0.098877,-0.006714
470,470,0,0.103149,-0.009155
471,471,0,0.11261,-0.011292
472,472,0,0.134583,-0.011597
473,473,0,0.110168,-0.010071
474,474,0,0.10437,-0.001831
475,475,0,0.087585,-0.010071
476,476,0,0.116882,-0.014954
477,477,0,0.108643,-0.012207
478,478,0,0.106812,-0.014038
479,479,0,0.100098,-0.009155
480,480,0,0.10376,-0.006714
481,481,0,0.108948,-0.010376
482,482,0,0.084534,-0.010071
483,483,0,0.101624,-0.009155
484,484,0,0.121765,-0.012512
485,485,0,0.104065,-0.009155
486,486,0,0.089722,-0.010986
487,487,0,0.075378,-0.007324
488,488,0,0.097961,-0.00946
489,489,0,0.114441,-0.006104
490,490,0,0.110474,-0.012207
491,491,0,0.102234,-0.010376
492,492,0,0.09552,-0.006714
493,493,0,0.113831,-0.011597
494,494,0,0.125122,-0.011292
495,495,0,0.106201,-0.012817
496,496,0,0.107117,-0.015869
497,497,0,0.109863,-0.015869
498,498,0,0.116577,-0.012207
499,499,0,0.108032,-0.012207
500,500,0,0.127563,-0.012512
501,501,0,0.108643,-0.0177
502,502,0,0.106812,-0.010986
503,503,0,0.119629,-0.012817
504,504,0,0.112915,-0.006409
505,505,0,0.12146,-0.011902
506,506,0,0.124817,-0.010681
507,507,0,0.114136,-0.00946
508,508,0,0.108643,-0.015564
509,509,0,0.123596,-0.011292
510,510,0,0.117188,-0.011292
511,511,0,0.114136,-0.00824
512,512,0,0.119324,-0.004883
513,513,0,0.093994,-0.011292
514,514,0,0.132141,-0.010376
515,515,0,0.141602,-0.012817
516,516,0,0.110474,-0.010681
517,517,0,0.109558,-0.006714
518,518,0,0.114136,-0.011597
519,519,0,0.114441,-0.011292
520,520,0,0.106506,-0.008545
521,521,0,0.112305,-0.011292
522,522,0,0.115662,-0.00885
523,523,0,0.115356,-0.012207
524,524,0,0.118103,-0.007019
525,525,0,0.112915,-0.008545
526,526,0,0.112305,-0.011292
527,527,0,0.118408,-0.017395
528,528,0,0.122681,0.004883
529,529,0,0.134888,-0.009155
530,530,0,0.111084,-0.010071
531,531,0,0.097046,-0.008545
532,532,0,0.116577,-0.014343
533,533,0,0.131836,-0.003662
534,534,0,0.118408,-0.007324
535,535,0,0.134277,-0.013733
536,536,0,0.115356,-0.018311
537,537,0,0.125427,-0.007935
538,538,0,0.135498,-0.010071
539,539,0,0.11322,-0.010376
540,540,0,0.116882,-0.007935
541,541,0,0.12085,-0.003967
542,542,0,0.12085,0.000305
543,543,0,0.117493,-0.009766
544,544,0,0.117798,-0.009155
545,545,0,0.123291,-0.007935
546,546,0,0.116272,-0.009766
547,547,0,0.146179,-0.011292
548,548,0,0.113525,-0.010681
549,549,0,0.119324,-0.010376
550,550,0,0.117798,0.001831
551,551,0,0.107117,-0.007324
552,552,0,0.119934,-0.018005
553,553,0,0.125732,-0.010376
554,554,0,0.125732,-0.007935
555,555,0,0.120239,-0.005188
556,556,0,0.134888,-0.005188
557,557,0,0.118103,-0.010376
558,558,0,0.117798,-0.008545
559,559,0,0.106506,-0.009766
560,560,0,0.144043,-0.010681
561,561,0,0.120544,-0.004883
562,562,0,0.139771,-0.010376
563,563,0,0.125732,-0.00946
564,564,0,0.122681,-0.0177
565,565,0,0.159912,-0.011597
566,566,0,0.12207,-0.00946
567,567,0,0.117493,-0.012817
568,568,0,0.133057,-0.00946
569,569,0,0.124817,-0.010986
570,570,0,0.13092,-0.009766
571,571,0,0.127869,-0.008545
572,572,0,0.121765,-0.007629
573,573,0,0.133667,-0.012207
574,574,0,0.125427,-0.006104
575,575,0,0.108643,-0.006409
576,576,0,0.124207,-0.007019
577,577,0,0.122681,-0.004883
578,578,0,0.12146,-0.007935
579,579,0,0.130615,-0.009766
580,580,0,0.137024,-0.009766
581,581,0,0.12146,-0.007629
582,582,0,0.127563,-0.010986
583,583,0,0.112915,-0.008545
584,584,0,0.137939,-0.010071
585,585,0,0.122986,-0.00885
586,586,0,0.147705,-0.010071
587,587,0,0.13855,-0.007629
588,588,0,0.123291,0.00061
589,589,0,0.112,-0.00824
590,590,0,0.126038,-0.006409
591,591,0,0.11322,-0.005188
592,592,0,0.135193,-0.004883
593,593,0,0.090637,-0.008545
594,594,0,0.123291,-0.009155
595,595,0,0.119629,-0.007324
596,596,0,0.106201,-0.010376
597,597,0,0.137939,-0.00885
598,598,0,0.119019,-0.009766
599,599,0,0.127563,-0.00885
600,600,0,0.114441,-0.00885
601,601,0,0.126648,-0.007019
602,602,0,0.12146,-0.007935
603,603,0,0.127258,-0.006714
604,604,0,0.124817,-0.010986
605,605,0,0.128174,-0.00946
606,606,0,0.125732,-0.016174
607,607,0,0.133972,-0.013428
608,608,0,0.12085,-0.00946
609,609,0,0.121765,-0.00946
610,610,0,0.125732,-0.009766
611,611,0,0.120239,-0.009155
612,612,0,0.132446,-0.010681
613,613,0,0.13092,-0.010681
614,614,0,0.115967,-0.011292
615,615,0,0.125427,-0.00885
616,616,0,0.130615,-0.013123
617,617,0,0.145264,-0.010071
618,618,0,0.125427,-0.007935
619,619,0,0.127258,-0.009155
620,620,0,0.135193,-0.005798
621,621,0,0.128174,-0.007935
622,622,0,0.125732,-0.00946
623,623,0,0.130005,-0.010376
624,624,0,0.123596,-0.006714
625,625,0,0.122986,-0.006714
626,626,0,0.125427,-0.017395
627,627,0,0.123901,-0.008545
628,628,0,0.129089,-0.007935
629,629,0,0.132446,-0.010681
630,630,0,0.102539,-0.008545
631,631,0,0.12085,-0.00824
632,632,0,0.121765,-0.007019
633,633,0,0.112,-0.00885
634,634,0,0.128479,-0.013428
635,635,0,0.126953,-0.003662
636,636,0,0.126648,-0.012512
637,637,0,0.124817,-0.016479
638,638,0,0.134277,-0.011902
639,639,0,0.129089,-0.010071
640,640,0,0.119019,-0.009155
641,641,0,0.128174,-0.007935
642,642,0,0.122986,-0.00946
643,643,0,0.123596,-0.014648
644,644,0,0.126343,-0.008545
645,645,0,0.136719,-0.010376
646,646,0,0.125122,-0.018311
647,647,0,0.134277,-0.010071
648,648,0,0.12146,-0.007324
649,649,0,0.12146,-0.006104
650,650,0,0.133667,-0.008545
651,651,0,0.121765,-0.012512
652,652,0,0.129089,-0.00946
653,653,0,0.118713,-0.012512
654,654,0,0.131836,-0.005188
655,655,0,0.130615,-0.01709
656,656,0,0.116882,-0.007324
657,657,0,0.136414,-0.010376
658,658,0,0.134583,-0.00946
659,659,0,0.124817,-0.010986
660,660,0,0.129089,0.003052
661,661,0,0.123901,-0.007935
662,662,0,0.131531,-0.008545
663,663,0,0.100708,-0.008545
664,664,0,0.124512,-0.010376
665,665,0,0.11261,-0.007629
666,666,0,0.124512,-0.008545
667,667,0,0.118408,-0.016174
668,668,0,0.104065,-0.008545
669,669,0,0.112305,-0.010376
670,670,0,0.12207,-0.007324
671,671,0,0.110474,-0.007935
672,672,0,0.130005,-0.009766
673,673,0,0.135193,-0.013123
674,674,0,0.128174,-0.010681
675,675,0,0.116272,-0.006104
676,676,0,0.120239,-0.00946
677,677,0,0.119934,-0.013428
678,678,0,0.121765,-0.008545
679,679,0,0.159607,-0.012207
680,680,0,0.125732,-0.009766
681,681,0,0.109863,-0.009155
682,682,0,0.102539,-0.007935
683,683,0,0.097046,-0.007324
684,684,0,0.115967,-0.007935
685,685,0,0.108032,-0.007629
686,686,0,0.11322,-0.009155
687,687,0,0.111084,-0.00946
688,688,0,0.132751,-0.00946
689,689,0,0.115662,-0.010681
690,690,0,0.105591,-0.009155
691,691,0,0.106812,-0.011292
692,692,0,0.127258,-0.007935
693,693,0,0.11261,-0.005798
694,694,0,0.112,-0.00824
695,695,0,0.112915,-0.012207
696,696,0,0.101318,-0.00885
697,697,0,0.124207,-0.010071
698,698,0,0.126343,-0.009155
699,699,0,0.114441,-0.014648
700,700,0,0.125122,-0.005493
701,701,0,0.12146,-0.00946
702,702,0,0.113525,-0.007935
703,703,0,0.115662,-0.00885
704,704,0,0.115051,-0.005493
705,705,0,0.112305,-0.005493
706,706,0,0.106812,-0.004272
707,707,0,0.11322,-0.00824
708,708,0,0.093384,-0.007324
709,709,0,0.117188,-0.00885
710,710,0,0.120544,-0.021057
711,711,0,0.10498,-0.009766
712,712,0,0.119324,-0.010071
713,713,0,0.116577,-0.003662
714,714,0,0.115967,-0.002136
715,715,0,0.12146,-0.010681
716,716,0,0.111084,-0.007324
717,717,0,0.120239,-0.010071
718,718,0,0.11261,-0.002441
719,719,0,0.111389,-0.009766
720,720,0,0.119629,-0.010681
721,721,0,0.105896,-0.019531
722,722,0,0.106812,-0.00885
723,723,0,0.106506,-0.011292
724,724,0,0.101624,-0.012207
725,725,0,0.10437,-0.008545
726,726,0,0.102844,-0.015869
727,727,0,0.109863,-0.005493
728,728,0,0.100403,-0.006714
729,729,0,0.113831,-0.009766
730,730,0,0.109253,-0.005798
731,731,0,0.103149,-0.006714
732,732,0,0.103149,-0.00061
733,733,0,0.11322,-0.007019
734,734,0,0.108032,0.002441
735,735,0,0.106506,-0.006409
736,736,0,0.097351,-0.007935
737,737,0,0.09552,-0.007019
738,738,0,0.09552,-0.007324
739,739,0,0.092163,-0.007629
740,740,0,0.079041,-0.003052
741,741,0,0.065308,-0.00824
742,742,0,0.028687,-0.006409
743,743,0,0.054016,-0.006409
744,744,0,0.038757,-0.003357
745,745,0,0.034485,-0.012817
746,746,0,0.019836,-0.00946
747,747,0,0.005188,-0.018616
748,748,0,-0.00061,-0.00824
749,749,0,-0.010071,-0.006409
750,750,0,-0.011597,-0.006714
751,751,0,-0.002136,-0.005798
752,752,0,-0.006714,-0.007324
753,753,0,-0.025635,-0.005493
754,754,0,-0.018921,-0.004883
755,755,0,-0.004272,-0.005798
756,756,0,-0.016479,-0.015564
757,757,0,-0.010071,-0.007629
758,758,0,-0.010071,-0.009155
759,759,0,0.006104,-0.010376
760,760,0,-0.023499,-0.008545
761,761,0,0.005493,-0.00885
762,762,0,-0.016479,-0.001221
763,763,0,-0.019226,-0.007324
764,764,0,-0.010681,-0.004272
765,765,0,-0.014954,-0.007629
766,766,0,-0.010681,-0.003662
767,767,0,0.000305,-0.009766
768,768,0,-0.006104,-0.007935
769,769,0,-0.004272,-0.007629
770,770,0,-0.010681,-0.009155
771,771,0,-0.032349,-0.006104
772,772,0,-0.031433,-0.002747
773,773,0,-0.003357,-0.009766
774,774,0,-0.003967,-0.008545
775,775,0,-0.006714,-0.00885
776,776,0,-0.026245,0.001221
777,777,0,-0.022278,-0.011597
778,778,0,-0.010986,-0.014038
779,779,0,-0.015869,-0.002136
780,780,0,-0.006714,-0.008545
781,781,0,-0.015869,-0.006409
782,782,0,-0.008545,-0.010986
783,783,0,-0.012817,-0.008545
784,784,0,-0.013123,-0.005493
785,785,0,-0.012817,-0.019226
786,786,0,-0.014648,0.001526
787,787,0,-0.016174,-0.010071
788,788,0,-0.010986,-0.010071
789,789,0,-0.012512,-0.009766
790,790,0,-0.014954,-0.004578
791,791,0,-0.016479,-0.007935
792,792,0,-0.013428,-0.016174
793,793,0,-0.015869,-0.00824
794,794,0,-0.015564,-0.006714
795,795,0,-0.012207,-0.016785
796,796,0,-0.017395,-0.014648
797,797,0,-0.012512,-0.001831
798,798,0,-0.016174,-0.007629
799,799,0,-0.013123,-0.002747
800,800,0,-0.011597,-0.003662
801,801,0,0.006714,-0.011597
802,802,0,-0.019531,-0.006409
803,803,0,-0.039063,-0.005798
804,804,0,-0.014954,-0.011292
805,805,0,-0.010071,-0.016174
806,806,0,0.004578,-0.010376
807,807,0,-0.014343,-0.004272
808,808,0,-0.0177,-0.010376
809,809,0,-0.019836,-0.007019
810,810,0,-0.007324,-0.009155
811,811,0,-0.015869,-0.005493
812,812,0,-0.009766,-0.012512
813,813,0,-0.001221,0.001831
814,814,0,-0.016479,-0.010986
815,815,0,-0.010376,-0.00946
816,816,0,-0.035095,-0.005188
817,817,0,-0.004272,-0.004272
818,818,0,-0.017395,-0.006104
819,819,0,-0.016479,-0.013123
820,820,0,-0.013123,-0.00885
821,821,0,-0.000305,-0.010681
822,822,0,-0.000305,-0.008545
823,823,0,-0.010376,-0.006714
824,824,0,-0.002441,-0.010986
825,825,0,-0.012817,-0.007935
826,826,0,-0.007019,-0.014343
827,827,0,-0.007019,-0.00885
828,828,0,0.033569,-0.009766
829,829,0,-0.017395,-0.008545
830,830,0,-0.000305,-0.007935
831,831,0,-0.012817,-0.008545
832,832,0,-0.004883,-0.007629
833,833,0,-0.020142,-0.005188
834,834,0,-0.014648,-0.007324
835,835,0,-0.007324,-0.008545
836,836,0,-0.027161,-0.007324
837,837,0,-0.020142,-0.003967
838,838,0,-0.010986,-0.006104
839,839,0,-0.014648,-0.007324
840,840,0,-0.018921,-0.014038
841,841,0,-0.01709,-0.004272
842,842,0,-0.019226,-0.007935
843,843,0,-0.008545,-0.009766
844,844,0,-0.010376,-0.011292
845,845,0,-0.024719,-0.007935
846,846,0,-0.006714,-0.00946
847,847,0,-0.016174,-0.007629
848,848,0,-0.015869,0.004578
849,849,0,-0.011597,-0.006409
850,850,0,-0.00824,-0.009155
851,851,0,-0.011902,0.000305
852,852,0,-0.00946,-0.003662
853,853,0,-0.011597,-0.013123
854,854,0,0.000916,-0.010376
855,855,0,-0.016479,-0.007629
856,856,0,-0.010681,-0.007324
857,857,0,0.011292,-0.008545
858,858,0,-0.015869,0.001526
859,859,0,-0.020142,-0.008545
860,860,0,-0.01709,-0.016174
861,861,0,-0.007324,-0.007935
862,862,0,-0.010376,-0.007324
863,863,0,-0.014038,-0.003662
864,864,0,-0.010376,-0.007935
865,865,0,-0.027161,-0.007019
866,866,0,0.008545,-0.00946
867,867,0,-0.004272,-0.009155
868,868,0,-0.011902,-0.005493
869,869,0,-0.00946,-0.003662
870,870,0,-0.014343,-0.00824
871,871,0,-0.010681,-0.006409
872,872,0,-0.013428,-0.004272
873,873,0,-0.018005,-0.003662
874,874,0,-0.007629,-0.007935
875,875,0,-0.015869,-0.008545
876,876,0,-0.022583,-0.006714
877,877,0,-0.019226,-0.007019
878,878,0,-0.005188,-0.013428
879,879,0,-0.023804,-0.007324
880,880,0,-0.026245,-0.004883
881,881,0,-0.00946,-0.010376
882,882,0,-0.011597,-0.006104
883,883,0,-0.018616,-0.011292
884,884,0,-0.00946,-0.008545
885,885,0,0.008545,-0.00885
886,886,0,0.007935,-0.008545
887,887,0,-0.010376,-0.010071
888,888,0,-0.00946,-0.005798
889,889,0,0.00061,-0.007629
890,890,0,-0.017395,-0.006104
891,891,0,-0.005798,-0.002136
892,892,0,-0.004578,-0.00946
893,893,0,-0.027161,-0.004272
894,894,0,-0.028687,-0.001221
895,895,0,-0.022278,-0.006104
896,896,0,-0.017395,-0.005493
897,897,0,-0.012817,-0.007629
898,898,0,-0.007629,-0.011902
899,899,0,-0.014954,-0.003052
900,900,0,-0.012512,-0.008545
901,901,0,0.010071,-0.010986
902,902,0,-0.031738,-0.007324
903,903,0,-0.018921,-0.006714
904,904,0,-0.038452,-0.006409
905,905,0,-0.013733,-0.007019
906,906,0,0.001831,-0.007935
907,907,0,-0.009766,-0.001526
908,908,0,-0.012512,-0.004272
909,909,0,-0.009155,-0.016479
910,910,0,-0.012817,-0.007324
911,911,0,0,-0.012817
912,912,0,-0.015259,-0.005798
913,913,0,-0.014648,-0.00824
914,914,0,-0.023499,-0.007019
915,915,0,-0.011597,-0.004883
916,916,0,-0.038757,-0.007629
917,917,0,-0.021973,-0.00885
918,918,0,0.02594,-0.015564
919,919,0,-0.007935,-0.007935
920,920,0,0.002441,-0.003967
921,921,0,-0.010071,-0.00885
922,922,0,0.000305,-0.009766
923,923,0,-0.018311,-0.005188
924,924,0,-0.015869,-0.008545
925,925,0,0.013733,-0.007324
926,926,0,-0.026855,-0.007324
927,927,0,-0.015259,-0.007324
928,928,0,0.002747,-0.00885
929,929,0,-0.012207,-0.014343
930,930,0,-0.010071,-0.008545
931,931,0,-0.009155,-0.009155
932,932,0,-0.013123,-0.009766
933,933,0,-0.018005,-0.00824
934,934,0,-0.000305,-0.013733
935,935,0,-0.005188,-0.009766
936,936,0,0,-0.00946
937,937,0,-0.003052,-0.012512
938,938,0,-0.017395,-0.005188
939,939,0,-0.012207,-0.008545
940,940,0,-0.019836,0.001526
941,941,0,-0.029907,-0.006104
942,942,0,-0.010376,-0.007324
943,943,0,-0.035095,-0.004883
944,944,0,-0.023804,-0.005188
945,945,0,-0.049744,-0.005493
946,946,0,-0.018311,-0.007935
947,947,0,-0.012207,-0.017395
948,948,0,-0.021667,-0.001526
949,949,0,-0.018921,-0.007935
950,950,0,-0.008545,-0.005188
951,951,0,-0.013428,-0.005798
952,952,0,0.00824,-0.011292
953,953,0,0.001221,-0.006409
954,954,0,-0.004578,-0.007019
955,955,0,-0.023193,-0.001221
956,956,0,-0.00946,-0.006104
957,957,0,-0.032043,-0.010376
958,958,0,-0.015564,0.000305
959,959,0,-0.019531,-0.006104
960,960,0,-0.007324,-0.007629
961,961,0,-0.013733,-0.003052
962,962,0,-0.038452,-0.007019
963,963,0,-0.030212,-0.001831
964,964,0,-0.011292,-0.011597
965,965,0,-0.020752,-0.003357
966,966,0,-0.000916,-0.00946
967,967,0,-0.016479,0.003662
968,968,0,-0.021973,-0.002441
969,969,0,-0.02594,-0.003052
970,970,0,-0.014343,-0.007324
971,971,0,-0.014343,-0.011902
972,972,0,-0.015259,-0.003052
973,973,0,-0.009155,-0.007935
974,974,0,-0.007629,-0.013733
975,975,0,-0.014954,-0.014038
976,976,0,-0.0177,-0.00885
977,977,0,-0.012207,-0.008545
978,978,0,-0.011597,-0.00885
979,979,0,-0.013733,-0.007935
980,980,0,-0.028992,-0.000916
981,981,0,-0.010376,-0.007935
982,982,0,-0.012207,-0.003967
983,983,0,-0.021362,-0.005188
984,984,0,-0.018311,-0.007629
985,985,0,-0.023193,-0.006714
986,986,0,-0.005188,-0.006409
987,987,0,-0.015869,-0.002441
988,988,0,-0.005798,-0.008545
989,989,0,-0.033569,-0.002136
990,990,0,-0.011902,-0.00885
991,991,0,-0.005493,-0.007324
992,992,0,0,-0.007324
993,993,0,-0.007935,-0.010071
994,994,0,-0.010681,0.002441
995,995,0,-0.036621,-0.002747
996,996,0,-0.023499,-0.004272
997,997,0,-0.010376,-0.00885
998,998,0,-0.027161,-0.001526
999,999,0,-0.015259,-0.015869
1000,1000,0,-0.013733,-0.002747
1001,1001,0,0.001221,-0.006714
1002,1002,0,-0.020142,-0.006409
1003,1003,0,-0.003662,-0.000916
1004,1004,0,-0.013123,-0.010986
1005,1005,0,-0.022583,-0.010071
1006,1006,0,-0.018005,-0.016479
1007,1007,0,-0.043945,-0.006104
1008,1008,0,-0.011902,-0.008545
1009,1009,0,-0.019836,-0.003967
1010,1010,0,-0.021973,-0.002747
1011,1011,0,-0.00885,-0.005493
1012,1012,0,-0.009155,-0.003357
1013,1013,0,-0.011597,-0.016785
1014,1014,0,-0.00946,0.002747
1015,1015,0,-0.011292,-0.007629
1016,1016,0,-0.000305,-0.003967
1017,1017,0,-0.004578,-0.004272
1018,1018,0,-0.021057,-0.005493
1019,1019,0,-0.024719,-0.00946
1020,1020,0,-0.0177,0.000305
1021,1021,0,-0.022278,-0.004272
1022,1022,0,-0.003967,-0.002136
1023,1023,0,-0.008545,-0.001221
1024,1024,0,-0.035706,-0.010376
1025,1025,0,0.03418,-0.005493
1026,1026,0,-0.0177,-0.008545
1027,1027,0,-0.022583,-0.006104
1028,1028,0,-0.024109,0.003052
1029,1029,0,0.00946,-0.003662
1030,1030,0,-0.02594,-0.016479
1031,1031,0,-0.005798,-0.006714
1032,1032,0,-0.02533,-0.00885
1033,1033,0,-0.017395,-0.007019
1034,1034,0,0.028992,-0.009766
1035,1035,0,-0.006714,0.00061
1036,1036,0,-0.017395,-0.006409
1037,1037,0,-0.003052,-0.012207
1038,1038,0,-0.012512,-0.011292
1039,1039,0,-0.027771,-0.005493
1040,1040,0,-0.001221,-0.014343
1041,1041,0,-0.003967,-0.009766
1042,1042,0,-0.021362,-0.013428
1043,1043,0,0.0354,-0.007324
1044,1044,0,-0.00946,-0.011597
1045,1045,0,0.022583,-0.00885
1046,1046,0,-0.006714,-0.011902
1047,1047,0,-0.014343,-0.009766
1048,1048,0,-0.015259,-0.005188
1049,1049,0,-0.013733,-0.010071
1050,1050,0,-0.03479,-0.003662
1051,1051,0,-0.02533,-0.004883
1052,1052,0,-0.00946,0.007019
1053,1053,0,-0.013733,-0.006104
1054,1054,0,-0.004578,-0.009766
1055,1055,0,-0.009766,-0.005188
1056,1056,0,-0.055237,-0.004272
1057,1057,0,-0.011292,-0.007324
1058,1058,0,-0.018616,-0.00824
1059,1059,0,-0.007324,-0.005798
1060,1060,0,-0.022278,-0.009766
1061,1061,0,-0.025024,-0.006104
1062,1062,0,-0.001831,-0.006409
1063,1063,0,-0.016479,-0.00885
1064,1064,0,-0.023499,-0.00885
1065,1065,0,-0.007019,-0.010071
1066,1066,0,-0.006104,-0.007019
1067,1067,0,-0.012512,-0.001526
1068,1068,0,0.006104,-0.007324
1069,1069,0,-0.018005,-0.005798
1070,1070,0,0.000305,-0.016785
1071,1071,0,-0.032959,-0.00061
1072,1072,0,-0.033875,-0.006409
1073,1073,0,0.005188,-0.006714
1074,1074,0,0.004578,-0.007629
1075,1075,0,-0.006409,-0.004578
1076,1076,0,-0.02594,-0.002747
1077,1077,0,-0.007935,-0.016479
1078,1078,0,-0.019531,-0.006409
1079,1079,0,-0.015259,-0.007629
1080,1080,0,-0.009155,-0.007935
1081,1081,0,-0.009766,0.000305
1082,1082,0,0.000305,-0.004272
1083,1083,0,-0.005188,-0.006104
1084,1084,0,-0.00885,-0.004578
1085,1085,0,-0.032654,-0.007019
1086,1086,0,-0.014954,-0.005188
1087,1087,0,-0.007629,-0.00824
1088,1088,0,-0.029602,-0.008545
1089,1089,0,-0.010681,-0.005188
1090,1090,0,-0.009766,-0.00885
1091,1091,0,-0.018921,-0.011597
1092,1092,0,-0.042114,-0.004272
1093,1093,0,-0.002136,0.001221
1094,1094,0,-0.014954,0.000916
1095,1095,0,-0.009155,-0.006409
1096,1096,0,-0.016174,-0.010376
1097,1097,0,-0.013733,0.002136
1098,1098,0,-0.009766,-0.003357
1099,1099,0,-0.001526,-0.0177
1100,1100,0,0.006409,-0.008545
1101,1101,0,-0.009155,-0.002441
1102,1102,0,-0.00824,-0.006409
1103,1103,0,-0.010681,-0.008545
1104,1104,0,-0.001831,-0.010376
1105,1105,0,-0.010071,-0.015259
1106,1106,0,-0.020142,-0.007629
1107,1107,0,-0.010376,-0.006714
1108,1108,0,-0.002747,-0.00885
1109,1109,0,-0.019226,0.004578
1110,1110,0,-0.021973,-0.005188
1111,1111,0,-0.042725,-0.004883
1112,1112,0,-0.024719,-0.006409
1113,1113,0,-0.010071,-0.006409
1114,1114,0,-0.010986,-0.001831
1115,1115,0,-0.014343,-0.005493
1116,1116,0,-0.012512,-0.007935
1117,1117,0,0.003052,-0.004272
1118,1118,0,-0.066833,-0.005798
1119,1119,0,-0.013428,-0.005493
1120,1120,0,-0.00946,-0.003357
1121,1121,0,-0.013428,0.003357
1122,1122,0,-0.011292,-0.003662
1123,1123,0,-0.022278,-0.007324
1124,1124,0,-0.010681,-0.003357
1125,1125,0,-0.021057,-0.007324
1126,1126,0,-0.014343,-0.014038
1127,1127,0,0.003662,-0.007324
1128,1128,0,-0.027466,-0.003662
1129,1129,0,-0.001831,-0.006714
1130,1130,0,-0.002747,-0.006409
1131,1131,0,-0.010376,-0.004578
1132,1132,0,-0.031738,-0.003357
1133,1133,0,-0.013123,-0.006104
1134,1134,0,-0.028076,-0.006409
1135,1135,0,-0.019836,-0.007629
1136,1136,0,0.00061,-0.007324
1137,1137,0,-0.014038,-0.008545
1138,1138,0,-0.011597,-0.006714
1139,1139,0,-0.022583,-0.007629
1140,1140,0,-0.010681,-0.003052
1141,1141,0,-0.016785,-0.004883
1142,1142,0,0.013428,-0.00824
1143,1143,0,-0.018921,-0.006104
1144,1144,0,-0.003967,-0.004883
1145,1145,0,-0.003052,-0.003357
1146,1146,0,-0.015259,-0.009155
1147,1147,0,-0.010071,-0.006104
1148,1148,0,-0.021973,-0.004272
1149,1149,0,0.004578,-0.007324
1150,1150,0,-0.006714,-0.004578
1151,1151,0,-0.013733,0
1152,1152,0,-0.012817,0.00061
1153,1153,0,-0.003052,-0.005188
1154,1154,0,-0.016479,0.002747
1155,1155,0,-0.010681,0
1156,1156,0,-0.014038,-0.001221
1157,1157,0,-0.010681,-0.003052
1158,1158,0,-0.02594,-0.000305
1159,1159,0,-0.018311,-0.005188
1160,1160,0,-0.003052,-0.007935
1161,1161,0,-0.000916,-0.007935
1162,1162,0,-0.012817,-0.004272
1163,1163,0,-0.023193,-0.00946
1164,1164,0,-0.018616,-0.006714
1165,1165,0,-0.007629,-0.006409
1166,1166,0,-0.021667,-0.006104
1167,1167,0,-0.007935,-0.009766
1168,1168,0,-0.008545,-0.010071
1169,1169,0,-0.007629,-0.010986
1170,1170,0,-0.016479,-0.004272
1171,1171,0,-0.010376,-0.004272
1172,1172,0,-0.013428,-0.013428
1173,1173,0,-0.010376,-0.004883
1174,1174,0,-0.01709,-0.007324
1175,1175,0,-0.001831,-0.006714
1176,1176,0,0.032349,-0.007935
1177,1177,0,-0.027771,-0.00885
1178,1178,0,0.011597,-0.006104
1179,1179,0,-0.053406,0
1180,1180,0,-0.0177,0.00061
1181,1181,0,-0.010986,-0.002136
1182,1182,0,-0.012512,0.002136
1183,1183,0,-0.026245,-0.002747
1184,1184,0,-0.011292,-0.002747
1185,1185,0,-0.001526,-0.012207
1186,1186,0,-0.040283,-0.003662
1187,1187,0,-0.032043,-0.001526
1188,1188,0,-0.011902,0.005188
1189,1189,0,-0.002441,-0.005188
1190,1190,0,-0.011292,0.003052
1191,1191,0,-0.011902,0.003662
1192,1192,0,-0.011902,-0.004578
1193,1193,0,-0.010376,-0.003357
1194,1194,0,-0.018311,-0.00061
1195,1195,0,-0.010681,-0.006409
1196,1196,0,0.02533,-0.006714
1197,1197,0,-0.01709,-0.009766
1198,1198,0,-0.016174,0.001831
1199,1199,0,-0.026855,-0.001831
1200,1200,0,-0.010071,-0.004272
1201,1201,0,-0.021362,-0.003052
1202,1202,0,-0.015869,-0.007324
1203,1203,0,-0.018616,-0.004883
1204,1204,0,-0.022888,-0.010681
1205,1205,0,-0.014954,-0.009766
1206,1206,0,-0.01709,-0.003052
1207,1207,0,-0.005798,-0.005188
1208,1208,0,0.007019,-0.003052
1209,1209,0,-0.007629,-0.008545
1210,1210,0,-0.021667,-0.007629
1211,1211,0,-0.001221,-0.006104
1212,1212,0,-0.015564,0.00061
1213,1213,0,-0.009155,-0.006409
1214,1214,0,-0.011292,-0.017395
1215,1215,0,-0.010986,-0.004578
1216,1216,0,-0.01709,-0.004578
1217,1217,0,-0.012817,-0.001221
1218,1218,0,-0.021057,-0.004578
1219,1219,0,-0.013733,-0.001221
1220,1220,0,-0.002747,-0.004883
1221,1221,0,-0.009155,-0.006104
1222,1222,0,-0.010986,-0.003052
1223,1223,0,-0.012817,-0.004272
1224,1224,0,-0.013428,-0.012207
1225,1225,0,0.016174,-0.005188
1226,1226,0,-0.020142,-0.00061
1227,1227,0,-0.002747,-0.004272
1228,1228,0,-0.002747,-0.006104
1229,1229,0,-0.013733,0.002136
1230,1230,0,-0.014343,-0.004578
1231,1231,0,-0.038147,-0.003357
1232,1232,0,-0.013428,-0.000305
1233,1233,0,-0.010376,-0.005493
1234,1234,0,-0.015869,-0.00885
1235,1235,0,-0.003662,-0.002136
1236,1236,0,-0.015259,-0.006104
1237,1237,0,-0.019226,-0.005493
1238,1238,0,-0.014343,-0.005493
1239,1239,0,-0.00946,-0.004883
1240,1240,0,-0.030823,-0.004272
1241,1241,0,-0.015564,-0.006104
1242,1242,0,-0.003967,-0.006714
1243,1243,0,-0.011597,-0.011597
1244,1244,0,-0.012817,-0.005798
1245,1245,0,-0.021362,-0.004272
1246,1246,0,0.023804,-0.005188
1247,1247,0,-0.006104,-0.003662
1248,1248,0,-0.012207,-0.003052
1249,1249,0,-0.015869,-0.002441
1250,1250,0,-0.009766,-0.006714
1251,1251,0,-0.021667,-0.004272
1252,1252,0,0.020142,-0.008545
1253,1253,0,-0.002136,-0.00946
1254,1254,0,-0.018921,-0.005798
1255,1255,0,-0.011902,-0.005188
1256,1256,0,0.004578,-0.005798
1257,1257,0,-0.031433,-0.004272
1258,1258,0,-0.014038,-0.006714
1259,1259,0,-0.014954,-0.005493
1260,1260,0,-0.005188,-0.003662
1261,1261,0,-0.007935,-0.004578
1262,1262,0,-0.006104,-0.010986
1263,1263,0,-0.015259,-0.008545
1264,1264,0,-0.029907,-0.00061
1265,1265,0,-0.014648,-0.010986
1266,1266,0,-0.02594,0.000305
1267,1267,0,-0.013733,-0.007019
1268,1268,0,-0.028992,-0.004272
1269,1269,0,-0.003052,0.003052
1270,1270,0,-0.005798,0.003052
1271,1271,0,-0.006714,-0.008545
1272,1272,0,-0.018616,-0.004578
1273,1273,0,-0.012817,-0.002136
1274,1274,0,-0.006104,-0.007019
1275,1275,0,-0.010681,-0.002441
1276,1276,0,-0.028687,-0.005493
1277,1277,0,-0.006409,-0.005493
1278,1278,0,-0.003967,-0.004272
1279,1279,0,-0.021362,-0.005798
1280,1280,0,-0.018311,-0.006409
1281,1281,0,-0.00946,-0.006409
1282,1282,0,-0.014648,-0.01709
1283,1283,0,-0.031128,-0.003967
1284,1284,0,-0.03479,-0.004883
1285,1285,0,-0.012817,-0.010986
1286,1286,0,0.009155,-0.005493
1287,1287,0,-0.010376,-0.003357
1288,1288,0,-0.013428,-0.002747
1289,1289,0,-0.016785,-0.014343
1290,1290,0,-0.002747,-0.005188
1291,1291,0,-0.004578,-0.004883
1292,1292,0,-0.00885,-0.003967
1293,1293,0,-0.007935,-0.003052
1294,1294,0,-0.014648,-0.006714
1295,1295,0,-0.003052,-0.003052
1296,1296,0,-0.010986,0.001221
1297,1297,0,-0.012207,-0.006104
1298,1298,0,-0.010681,-0.006104
1299,1299,0,-0.010986,-0.004883
1300,1300,0,-0.039978,-0.001221
1301,1301,0,-0.014038,-0.005798
1302,1302,0,-0.016479,-0.005798
1303,1303,0,-0.021667,-0.002747
1304,1304,0,-0.009155,0.002441
1305,1305,0,-0.000305,-0.006104
1306,1306,0,-0.009155,-0.005188
1307,1307,0,-0.011597,-0.003662
1308,1308,0,-0.019836,-0.006714
1309,1309,0,-0.005493,-0.003357
1310,1310,0,-0.010376,-0.005188
1311,1311,0,0.002136,-0.006714
1312,1312,0,-0.012817,-0.004272
1313,1313,0,-0.001831,-0.005188
1314,1314,0,-0.018311,-0.005798
1315,1315,0,-0.015869,-0.003357
1316,1316,0,-0.034485,-0.002747
1317,1317,0,-0.015259,0.003967
1318,1318,0,-0.012817,-0.003967
1319,1319,0,-0.031128,-0.008545
1320,1320,0,-0.017395,-0.003052
1321,1321,0,-0.017395,-0.005493
1322,1322,0,0.004578,-0.004883
1323,1323,0,-0.010071,0.006714
1324,1324,0,-0.003967,-0.002136
1325,1325,0,-0.010986,-0.013428
1326,1326,0,-0.00885,-0.005798
1327,1327,0,-0.003662,-0.001221
1328,1328,0,0.007019,-0.009155
1329,1329,0,-0.00885,-0.006714
1330,1330,0,-0.010681,-0.006104
1331,1331,0,-0.018311,-0.004272
1332,1332,0,-0.021057,-0.000916
1333,1333,0,-0.012512,0.004883
1334,1334,0,-0.026855,-0.003052
1335,1335,0,-0.007324,-0.005798
1336,1336,0,-0.039978,-0.001831
1337,1337,0,-0.006409,-0.003052
1338,1338,0,-0.019531,-0.004272
1339,1339,0,-0.010071,-0.005798
1340,1340,0,-0.028381,-0.000305
1341,1341,0,-0.010681,-0.007935
1342,1342,0,-0.011597,-0.003967
1343,1343,0,-0.028076,-0.010376
1344,1344,0,-0.012817,-0.005188
1345,1345,0,-0.011597,-0.000305
1346,1346,0,-0.016479,-0.003967
1347,1347,0,-0.008545,-0.003052
1348,1348,0,0.014038,-0.006104
1349,1349,0,-0.007019,-0.004578
1350,1350,0,-0.022278,-0.003967
1351,1351,0,-0.010376,-0.010986
1352,1352,0,-0.001831,-0.002441
1353,1353,0,-0.032043,-0.002136
1354,1354,0,-0.01709,-0.003357
1355,1355,0,-0.020447,-0.003357
1356,1356,0,0.021973,-0.003357
1357,1357,0,-0.016479,-0.002441
1358,1358,0,-0.016479,-0.007935
1359,1359,0,-0.041504,-0.006104
1360,1360,0,-0.019531,-0.002441
1361,1361,0,-0.008545,-0.001526
1362,1362,0,-0.028381,-0.005493
1363,1363,0,-0.016479,-0.00061
1364,1364,0,0.028992,-0.006409
1365,1365,0,-0.018005,-0.004272
1366,1366,0,-0.015564,-0.004883
1367,1367,0,-0.005188,0.002136
1368,1368,0,-0.00061,-0.005798
1369,1369,0,-0.014954,-0.010376
1370,1370,0,-0.002747,-0.004272
1371,1371,0,-0.045166,-0.000305
1372,1372,0,-0.001221,-0.005798
1373,1373,0,-0.012207,-0.001221
1374,1374,0,-0.033875,-0.003357
1375,1375,0,-0.018616,0.003662
1376,1376,0,0.005493,-0.005188
1377,1377,0,-0.04364,0.001526
1378,1378,0,-0.022888,0.00061
1379,1379,0,0.019226,-0.003357
1380,1380,0,-0.035095,-0.004272
1381,1381,0,-0.018921,-0.002747
1382,1382,0,0.010681,-0.010376
1383,1383,0,-0.008545,-0.002747
1384,1384,0,-0.004883,-0.004578
1385,1385,0,-0.000305,-0.004272
1386,1386,0,-0.023193,0.00061
1387,1387,0,-0.013733,0.005493
1388,1388,0,-0.033875,0.001221
1389,1389,0,-0.016174,-0.010986
1390,1390,0,-0.037231,-0.001221
1391,1391,0,-0.012817,0.003052
1392,1392,0,0.003662,-0.004272
1393,1393,0,-0.021667,-0.001221
1394,1394,0,-0.015869,-0.000916
1395,1395,0,-0.012817,-0.003662
1396,1396,0,-0.010681,-0.015869
1397,1397,0,-0.010376,-0.006104
1398,1398,0,0.030823,-0.007629
1399,1399,0,-0.046997,-0.000916
1400,1400,0,-0.011597,-0.001831
1401,1401,0,-0.015869,0.000305
1402,1402,0,0.00061,0
1403,1403,0,-0.00061,-0.003357
1404,1404,0,-0.004272,-0.006714
1405,1405,0,-0.014343,-0.00824
1406,1406,0,0.007629,-0.011292
1407,1407,0,-0.022888,0.002136
1408,1408,0,-0.02655,-0.003662
1409,1409,0,-0.031128,-0.001221
1410,1410,0,0.002136,-0.004883
1411,1411,0,-0.022583,0.003052
1412,1412,0,-0.001221,-0.004883
1413,1413,0,-0.007629,0.002136
1414,1414,0,0.014954,-0.00885
1415,1415,0,-0.007935,-0.001526
1416,1416,0,-0.022583,0.000916
1417,1417,0,-0.022278,-0.002747
1418,1418,0,-0.018311,0.000916
1419,1419,0,-0.001526,-0.004272
1420,1420,0,-0.03418,0.009155
1421,1421,0,-0.039368,-0.002441
1422,1422,0,0.01709,-0.011292
1423,1423,0,-0.026855,-0.006714
1424,1424,0,-0.015869,-0.006714
1425,1425,0,0.013733,-0.010986
1426,1426,0,0.003052,-0.010376
1427,1427,0,-0.026245,0.001221
1428,1428,0,-0.005798,-0.005188
1429,1429,0,-0.037537,-0.004883
1430,1430,0,0.003662,-0.004578
1431,1431,0,-0.015564,-0.00061
1432,1432,0,-0.013123,-0.007324
1433,1433,0,-0.001526,-0.007019
1434,1434,0,-0.024414,-0.005798
1435,1435,0,0.003967,-0.004272
1436,1436,0,-0.014648,0
1437,1437,0,0.00061,0.004272
1438,1438,0,0.007019,-0.010376
1439,1439,0,-0.023193,-0.001221
1440,1440,0,-0.017395,-0.003662
1441,1441,0,0.006104,-0.005188
1442,1442,0,-0.014648,0.00061
1443,1443,0,-0.016174,-0.003967
1444,1444,0,-0.038452,-0.003662
1445,1445,0,-0.023193,-0.003357
1446,1446,0,-0.000305,-0.004883
1447,1447,0,-0.013428,0.000305
1448,1448,0,-0.019836,-0.002747
1449,1449,0,-0.007935,-0.012817
1450,1450,0,-0.005798,-0.005798
1451,1451,0,-0.001831,0.000305
1452,1452,0,-0.001831,-0.005493
1453,1453,0,-0.016174,-0.010071
1454,1454,0,-0.010071,-0.003357
1455,1455,0,-0.014343,-0.007935
1456,1456,0,-0.023499,-0.006409
1457,1457,0,-0.004883,-0.003967
1458,1458,0,-0.000305,0.001831
1459,1459,0,0.007324,-0.003967
1460,1460,0,-0.025024,-0.003052
1461,1461,0,-0.021973,-0.002136
1462,1462,0,-0.035706,-0.001221
1463,1463,0,-0.012817,-0.014038
1464,1464,0,0,-0.003357
1465,1465,0,-0.021362,-0.004272
1466,1466,0,-0.019836,0.001831
1467,1467,0,-0.024719,-0.000916
1468,1468,0,-0.005188,-0.007324
1469,1469,0,-0.015259,-0.014343
1470,1470,0,-0.005798,-0.004578
1471,1471,0,-0.007019,0.002136
1472,1472,0,-0.017395,-0.003967
1473,1473,0,0.00061,-0.002136
1474,1474,0,-0.022583,-0.001831
1475,1475,0,-0.012817,0.000916
1476,1476,0,-0.001221,-0.003052
1477,1477,0,-0.00824,-0.003662
1478,1478,0,-0.008545,-0.001526
1479,1479,0,-0.020447,-0.003357
1480,1480,0,-0.009155,-0.005798
1481,1481,0,-0.019836,-0.014954
1482,1482,0,-0.009155,0.000305
1483,1483,0,-0.014038,-0.009155
1484,1484,0,0.000916,-0.004883
1485,1485,0,-0.013123,0.005188
1486,1486,0,-0.012512,-0.001526
1487,1487,0,0.003967,-0.006104
1488,1488,0,-0.020752,0.001221
1489,1489,0,0,-0.005188
1490,1490,0,-0.015869,-0.003052
1491,1491,0,-0.042419,-0.006409
1492,1492,0,-0.010986,-0.003662
1493,1493,0,0.003662,-0.003967
1494,1494,0,-0.013733,-0.002136
1495,1495,0,-0.010376,-0.006714
1496,1496,0,-0.007629,-0.000305
1497,1497,0,-0.018616,-0.004272
1498,1498,0,-0.016785,-0.002441
1499,1499,0,-0.006409,-0.003662
1500,1500,0,-0.012207,-0.004883
1501,1501,0,-0.020752,0.00061
1502,1502,0,-0.019836,-0.002136
1503,1503,0,-0.011292,-0.002747
1504,1504,0,-0.018921,-0.002747
1505,1505,0,-0.012817,-0.004883
1506,1506,0,-0.011597,-0.006104
1507,1507,0,-0.014954,-0.011597
1508,1508,0,0.001221,-0.003052
1509,1509,0,-0.000916,0.00061
1510,1510,0,-0.031738,-0.001221
1511,1511,0,-0.022888,-0.004883
1512,1512,0,0.006714,-0.001831
1513,1513,0,-0.010071,-0.004883
1514,1514,0,-0.0177,-0.003052
1515,1515,0,-0.023193,-0.004272
1516,1516,0,-0.00824,-0.001831
1517,1517,0,-0.014343,-0.001221
1518,1518,0,0.013123,-0.004272
1519,1519,0,-0.007629,-0.002747
1520,1520,0,-0.0354,-0.000305
1521,1521,0,-0.013733,-0.00946
1522,1522,0,-0.00885,0.004272
1523,1523,0,-0.007324,-0.000916
1524,1524,0,-0.034485,-0.002441
1525,1525,0,-0.022583,-0.003357
1526,1526,0,-0.015869,-0.006104
1527,1527,0,-0.0177,-0.004578
1528,1528,0,-0.030212,0.003357
1529,1529,0,-0.014648,-0.009155
1530,1530,0,-0.022888,-0.002441
1531,1531,0,-0.015564,-0.000916
1532,1532,0,-0.011597,-0.003052
1533,1533,0,-0.010681,-0.009766
1534,1534,0,0.011597,-0.005798
1535,1535,0,0.006714,-0.003662
1536,1536,0,-0.011597,-0.006409
1537,1537,0,-0.019226,-0.003967
1538,1538,0,0.00885,-0.005188
1539,1539,0,-0.026245,-0.001831
1540,1540,0,-0.023193,-0.002441
1541,1541,0,-0.005798,-0.005188
1542,1542,0,-0.038147,-0.004272
1543,1543,0,-0.016479,-0.00885
1544,1544,0,-0.007324,0.002441
1545,1545,0,-0.020752,-0.005188
1546,1546,0,-0.005798,0.00061
1547,1547,0,-0.017395,-0.006409
1548,1548,0,-0.012207,0.000305
1549,1549,0,0.000305,-0.014038
1550,1550,0,-0.015564,-0.006714
1551,1551,0,-0.016479,-0.004883
1552,1552,0,-0.022583,-0.002441
1553,1553,0,-0.012817,-0.004883
1554,1554,0,-0.016174,-0.003357
1555,1555,0,-0.00824,0.000305
1556,1556,0,-0.024109,0.000305
1557,1557,0,0.017395,-0.003662
1558,1558,0,-0.007324,0.006104
1559,1559,0,-0.03418,-0.002136
1560,1560,0,-0.013428,0.001526
1561,1561,0,-0.015564,-0.001831
1562,1562,0,-0.005493,0.002441
1563,1563,0,-0.007935,0.004272
1564,1564,0,-0.00885,0.007629
1565,1565,0,-0.009766,-0.005798
1566,1566,0,-0.013733,-0.002441
1567,1567,0,0.00061,-0.003967
1568,1568,0,-0.026855,-0.004883
1569,1569,0,0.002136,0.002747
1570,1570,0,-0.020142,0.001831
1571,1571,0,-0.006714,-0.001221
1572,1572,0,-0.035706,-0.001831
1573,1573,0,-0.012817,-0.001526
1574,1574,0,-0.011902,-0.011902
1575,1575,0,-0.02594,-0.003357
1576,1576,0,-0.023499,-0.002441
1577,1577,0,-0.005798,-0.010071
1578,1578,0,-0.006104,-0.000916
1579,1579,0,-0.038452,0.003357
1580,1580,0,-0.010376,-0.003052
1581,1581,0,-0.010986,-0.000305
1582,1582,0,-0.015259,-0.002747
1583,1583,0,-0.03418,-0.001831
1584,1584,0,-0.001221,0.003662
1585,1585,0,0.003662,-0.003357
1586,1586,0,0.006104,-0.003662
1587,1587,0,-0.00946,0.003052
1588,1588,0,0.018005,-0.006104
1589,1589,0,-0.039673,-0.002747
1590,1590,0,-0.00946,-0.006409
1591,1591,0,-0.019226,-0.002747
1592,1592,0,-0.012512,-0.00885
1593,1593,0,-0.001526,-0.002441
1594,1594,0,-0.065002,0.002441
1595,1595,0,-0.010681,-0.001831
1596,1596,0,-0.005493,-0.004578
1597,1597,0,-0.011292,-0.002136
1598,1598,0,-0.009766,-0.002747
1599,1599,0,-0.031128,-0.00061
1600,1600,0,-0.012817,0.001221
1601,1601,0,-0.016479,-0.011597
1602,1602,0,-0.021667,0.001221
1603,1603,0,-0.021057,-0.001221
1604,1604,0,-0.015564,-0.003662
1605,1605,0,0.004272,-0.002136
1606,1606,0,-0.00061,-0.002747
1607,1607,0,-0.002747,-0.003967
1608,1608,0,-0.032043,-0.002747
1609,1609,0,-0.017395,0.00824
1610,1610,0,-0.014954,-0.002441
1611,1611,0,0.004578,-0.004272
1612,1612,0,0.0354,-0.004883
1613,1613,0,-0.035095,0.001831
1614,1614,0,-0.010681,-0.00061
1615,1615,0,-0.012512,0.002747
1616,1616,0,-0.042725,0.002747
1617,1617,0,-0.023193,0.001526
1618,1618,0,-0.010681,-0.003967
1619,1619,0,-0.018921,0.001831
1620,1620,0,-0.007935,0.001526
1621,1621,0,-0.011597,-0.005493
1622,1622,0,-0.012512,-0.004272
1623,1623,0,-0.002747,-0.006409
1624,1624,0,0.00885,-0.007629
1625,1625,0,-0.013123,-0.010986
1626,1626,0,-0.004578,-0.003662
1627,1627,0,-0.014038,-0.001831
1628,1628,0,-0.033875,-0.002441
1629,1629,0,-0.014038,-0.00946
1630,1630,0,0.021057,-0.004272
1631,1631,0,-0.018005,0.00061
1632,1632,0,-0.030212,0.00061
1633,1633,0,0.001526,-0.001221
1634,1634,0,-0.020447,-0.001526
1635,1635,0,0.014038,-0.003967
1636,1636,0,0,-0.002441
1637,1637,0,-0.015259,-0.001831
1638,1638,0,-0.007019,-0.002441
1639,1639,0,-0.028687,0.001526
1640,1640,0,-0.012207,-0.001831
1641,1641,0,-0.013123,0.002136
1642,1642,0,-0.007935,-0.00061
1643,1643,0,0.021973,-0.005188
1644,1644,0,-0.014038,-0.007629
1645,1645,0,-0.014954,-0.009766
1646,1646,0,-0.018005,-0.001831
1647,1647,0,-0.037231,-0.00061
1648,1648,0,-0.014648,-0.013428
1649,1649,0,-0.005188,-0.004883
1650,1650,0,0.022583,-0.003357
1651,1651,0,-0.014954,-0.002747
1652,1652,0,-0.011597,-0.000305
1653,1653,0,-0.005798,-0.015259
1654,1654,0,-0.023499,0.005493
1655,1655,0,-0.012817,0.000916
1656,1656,0,-0.004883,0
1657,1657,0,-0.006409,-0.001526
1658,1658,0,-0.013733,0.002136
1659,1659,0,-0.017395,-0.005188
1660,1660,0,-0.016174,-0.018921
1661,1661,0,-0.009155,0.000305
1662,1662,0,0.002136,-0.004578
1663,1663,0,-0.007019,-0.002136
1664,1664,0,-0.001221,-0.003662
1665,1665,0,-0.063171,0.00061
1666,1666,0,-0.004883,-0.004578
1667,1667,0,-0.018005,0.00061
1668,1668,0,-0.010681,-0.001831
1669,1669,0,-0.005493,-0.00061
1670,1670,0,0.000305,-0.001221
1671,1671,0,-0.027466,-0.001831
1672,1672,0,-0.016479,-0.001221
1673,1673,0,-0.014038,-0.002441
1674,1674,0,-0.009155,-0.003052
1675,1675,0,-0.013733,-0.009155
1676,1676,0,-0.022583,-0.003662
1677,1677,0,-0.013428,0.002747
1678,1678,0,-0.013733,-0.006409
1679,1679,0,0.002136,-0.001221
1680,1680,0,-0.019226,-0.002441
1681,1681,0,-0.018311,-0.010681
1682,1682,0,-0.014648,-0.002747
1683,1683,0,-0.011292,-0.00061
1684,1684,0,-0.022278,0.000305
1685,1685,0,-0.041199,-0.002136
1686,1686,0,-0.011902,0.00061
1687,1687,0,-0.014343,0.004578
1688,1688,0,-0.010071,-0.003967
1689,1689,0,-0.011902,-0.00885
1690,1690,0,0.016174,-0.004883
1691,1691,0,-0.007935,-0.002441
1692,1692,0,-0.020142,0.000916
1693,1693,0,-0.013733,-0.001831
1694,1694,0,-0.019226,-0.001526
1695,1695,0,-0.018616,-0.010071
1696,1696,0,-0.03418,-0.001221
1697,1697,0,-0.015564,-0.002441
1698,1698,0,-0.00824,0.002441
1699,1699,0,-0.023499,0.000916
1700,1700,0,-0.003967,-0.002747
1701,1701,0,-0.018921,-0.003357
1702,1702,0,-0.020752,-0.000305
1703,1703,0,-0.010986,0.001526
1704,1704,0,-0.018311,0.001831
1705,1705,0,-0.016479,0.001221
1706,1706,0,-0.004272,-0.003662
1707,1707,0,-0.021057,-0.006409
1708,1708,0,0.002136,-0.003967
1709,1709,0,-0.012817,-0.007935
1710,1710,0,-0.003967,-0.004578
1711,1711,0,-0.023804,-0.001221
1712,1712,0,-0.021973,0
1713,1713,0,-0.024719,0.005798
1714,1714,0,-0.0177,-0.006714
1715,1715,0,-0.018005,-0.003357
1716,1716,0,-0.016785,-0.003967
1717,1717,0,-0.012817,-0.006714
1718,1718,0,-0.012512,-0.007935
1719,1719,0,-0.015564,0.00824
1720,1720,0,-0.012512,0.000305
1721,1721,0,-0.014648,0.002747
1722,1722,0,-0.040894,-0.00061
1723,1723,0,-0.016174,-0.002441
1724,1724,0,-0.010376,-0.003662
1725,1725,0,-0.014038,0.001221
1726,1726,0,-0.015564,-0.00885
1727,1727,0,-0.018921,-0.009766
1728,1728,0,0.007935,-0.000916
1729,1729,0,-0.010986,-0.003967
1730,1730,0,-0.014648,-0.009766
1731,1731,0,-0.013428,-0.002136
1732,1732,0,-0.021362,-0.001526
1733,1733,0,-0.016174,-0.011597
1734,1734,0,-0.013428,-0.003052
1735,1735,0,0.025635,-0.004272
1736,1736,0,-0.022888,-0.003967
1737,1737,0,-0.050354,-0.000305
1738,1738,0,-0.011902,-0.003052
1739,1739,0,0.001831,-0.00061
1740,1740,0,-0.021362,-0.002441
1741,1741,0,-0.03418,-0.001526
1742,1742,0,-0.019836,0.000916
1743,1743,0,-0.003357,-0.002441
1744,1744,0,-0.018311,0.003052
1745,1745,0,-0.018921,-0.004272
1746,1746,0,0.010986,-0.004883
1747,1747,0,-0.011597,-0.004883
1748,1748,0,-0.011292,0.007629
1749,1749,0,-0.033569,-0.00061
1750,1750,0,-0.008545,-0.004272
1751,1751,0,0.007324,-0.001526
1752,1752,0,-0.008545,0.000916
1753,1753,0,-0.005493,-0.002136
1754,1754,0,-0.015564,-0.000305
1755,1755,0,-0.016785,-0.00061
1756,1756,0,-0.004578,-0.003967
1757,1757,0,-0.014038,0.007324
1758,1758,0,-0.009766,-0.003052
1759,1759,0,-0.015259,-0.002747
1760,1760,0,-0.007935,-0.004272
1761,1761,0,-0.004272,-0.005188
1762,1762,0,-0.017395,0.002747
1763,1763,0,-0.003357,-0.003662
1764,1764,0,-0.015564,-0.00061
1765,1765,0,-0.013733,-0.002747
1766,1766,0,-0.011597,-0.002136
1767,1767,0,-0.015869,-0.007629
1768,1768,0,-0.011292,-0.006409
1769,1769,0,-0.017395,0.007935
1770,1770,0,-0.007629,-0.002441
1771,1771,0,-0.007629,-0.003052
1772,1772,0,-0.0354,-0.001526
1773,1773,0,-0.00885,-0.002136
1774,1774,0,-0.011902,-0.005798
1775,1775,0,-0.04364,-0.00061
1776,1776,0,-0.010376,-0.002441
1777,1777,0,0.002136,-0.002441
1778,1778,0,-0.011902,-0.001831
1779,1779,0,-0.007629,0
1780,1780,0,0.012207,-0.001831
1781,1781,0,-0.011902,0.007629
1782,1782,0,-0.011292,-0.005798
1783,1783,0,-0.007629,-0.003357
1784,1784,0,-0.003357,-0.001831
1785,1785,0,-0.014648,-0.009766
1786,1786,0,-0.011292,-0.007324
1787,1787,0,-0.005493,-0.002136
1788,1788,0,-0.011597,-0.007324
1789,1789,0,-0.010681,0.009155
1790,1790,0,-0.010986,-0.004272
1791,1791,0,-0.013123,-0.003967
1792,1792,0,-0.018311,-0.001221
1793,1793,0,-0.014648,-0.005188
1794,1794,0,-0.010986,-0.003052
1795,1795,0,0.001526,-0.006104
1796,1796,0,-0.0177,-0.003967
1797,1797,0,-0.032349,-0.00061
1798,1798,0,-0.004578,-0.000305
1799,1799,0,-0.011597,-0.004272
1800,1800,0,-0.012512,0.001221
1801,1801,0,-0.00885,-0.004883
1802,1802,0,-0.009766,-0.001221
1803,1803,0,-0.005798,0.003967
1804,1804,0,-0.017395,0.005493
1805,1805,0,-0.014954,-0.004272
1806,1806,0,0.014648,-0.004272
1807,1807,0,-0.027771,0.00061
1808,1808,0,-0.013123,-0.002136
1809,1809,0,-0.019531,0.004272
1810,1810,0,-0.024109,-0.001831
1811,1811,0,-0.00824,-0.003357
1812,1812,0,-0.001831,-0.010071
1813,1813,0,-0.008545,-0.002441
1814,1814,0,-0.008545,-0.000916
1815,1815,0,-0.013733,0.000305
1816,1816,0,-0.038757,0.004578
1817,1817,0,-0.012817,-0.003662
1818,1818,0,-0.005493,-0.003357
1819,1819,0,-0.012817,-0.002747
1820,1820,0,-0.005493,-0.003052
1821,1821,0,-0.00885,-0.00824
1822,1822,0,-0.021973,-0.00061
1823,1823,0,-0.010986,-0.002136
1824,1824,0,-0.003357,-0.002747
1825,1825,0,-0.010376,0.000305
1826,1826,0,-0.011292,-0.00946
1827,1827,0,-0.021667,-0.005798
1828,1828,0,-0.023193,-0.001221
1829,1829,0,-0.020142,-0.002136
1830,1830,0,-0.011902,0.004272
1831,1831,0,-0.017395,0.001221
1832,1832,0,-0.017395,-0.000305
1833,1833,0,-0.018616,-0.010986
1834,1834,0,-0.013123,0
1835,1835,0,-0.014038,-0.002441
1836,1836,0,-0.013733,0.00946
1837,1837,0,-0.010681,-0.010986
1838,1838,0,0.013428,-0.002747
1839,1839,0,-0.011292,0.001221
1840,1840,0,-0.03479,-0.002136
1841,1841,0,-0.013428,0.004883
1842,1842,0,-0.022888,-0.003052
1843,1843,0,-0.007324,-0.002441
1844,1844,0,-0.015259,-0.003967
1845,1845,0,-0.014954,0.004272
1846,1846,0,-0.001221,-0.010986
1847,1847,0,-0.032349,-0.003662
1848,1848,0,-0.012512,-0.000916
1849,1849,0,-0.017395,-0.010376
1850,1850,0,-0.011597,0.00061
1851,1851,0,-0.019226,-0.011292
1852,1852,0,-0.013123,-0.010071
1853,1853,0,0.018311,-0.003662
1854,1854,0,-0.015564,-0.00061
1855,1855,0,0.006714,-0.001221
1856,1856,0,-0.014038,-0.002441
1857,1857,0,-0.011902,0.001221
1858,1858,0,-0.003662,-0.011597
1859,1859,0,-0.017395,-0.001221
1860,1860,0,0,0.010071
1861,1861,0,-0.007324,-0.004883
1862,1862,0,-0.003662,-0.003662
1863,1863,0,-0.042419,-0.001221
1864,1864,0,-0.012817,0.002441
1865,1865,0,-0.012817,0.000305
1866,1866,0,-0.001221,-0.003052
1867,1867,0,-0.014038,-0.00946
1868,1868,0,-0.038147,-0.000916
1869,1869,0,0.009155,-0.003967
1870,1870,0,0.011292,-0.004883
1871,1871,0,-0.013123,-0.002747
1872,1872,0,-0.011902,-0.002441
1873,1873,0,-0.019836,-0.001526
1874,1874,0,-0.012207,-0.007935
1875,1875,0,-0.013733,-0.003052
1876,1876,0,-0.0177,-0.004883
1877,1877,0,-0.011597,-0.005188
1878,1878,0,-0.002441,-0.002136
1879,1879,0,-0.006409,0.001221
1880,1880,0,-0.012817,-0.002747
1881,1881,0,-0.015869,0.00061
1882,1882,0,-0.00946,0.002747
1883,1883,0,-0.001221,-0.001831
1884,1884,0,-0.011597,-0.007019
1885,1885,0,-0.024414,0.001831
1886,1886,0,-0.010071,0.001221
1887,1887,0,-0.01709,0.001526
1888,1888,0,-0.010071,0.001221
1889,1889,0,-0.024719,-0.001831
1890,1890,0,-0.014038,0.001526
1891,1891,0,-0.008545,-0.00061
1892,1892,0,-0.009155,-0.011597
1893,1893,0,-0.02533,-0.002747
1894,1894,0,-0.036011,-0.00061
1895,1895,0,-0.035095,-0.00061
1896,1896,0,-0.013123,-0.007324
1897,1897,0,0.001831,-0.003052
1898,1898,0,0.006104,-0.002747
1899,1899,0,-0.016479,-0.002747
1900,1900,0,-0.006409,-0.00061
1901,1901,0,-0.009766,-0.002747
1902,1902,0,-0.003357,-0.002747
1903,1903,0,-0.00946,0.000305
1904,1904,0,-0.019531,-0.004883
1905,1905,0,-0.016174,-0.002441
